{"type": "FeatureCollection", "features": [{"type": "Feature", "id": 1, "geometry": {"type": "Polygon", "coordinates": [[[-83.8680694600917, 34.23439112380413], [-83.86806810274574, 34.23439247918357], [-83.86806870315607, 34.234393061264726], [-83.86807006158753, 34.23439170588792], [-83.8680694600917, 34.23439112380413]]]}, "properties": {"OBJECTID": 1, "FNAME": null, "MNAME": null, "LNAME": null, "STATUS": null, "DEPARTMENT": null, "X": "0", "Y": "A", "CONCAT": null, "INFORMATION": null, "svcdatefromTXT": null, "svcdatetoTXT": null, "PLACEMENT": null, "BrickSize": "Full", "Coordinate": "A,0", "Shape_Length": 1.8413300476747194, "Shape_Area": 0.17651499247986352}}, {"type": "Feature", "id": 2, "geometry": {"type": "Polygon", "coordinates": [[[-83.86806799272061, 34.234392588908705], [-83.86806663646331, 34.23439394338921], [-83.86806723796234, 34.23439452457143], [-83.86806859421645, 34.234393170992504], [-83.86806799272061, 34.234392588908705]]]}, "properties": {"OBJECTID": 2, "FNAME": null, "MNAME": null, "LNAME": null, "STATUS": null, "DEPARTMENT": null, "X": "1", "Y": "A", "CONCAT": null, "INFORMATION": null, "svcdatefromTXT": null, "svcdatetoTXT": null, "PLACEMENT": null, "BrickSize": "Full", "Coordinate": "A,1", "Shape_Length": 1.839910324207932, "Shape_Area": 0.1763353426877107}}, {"type": "Feature", "id": 3, "geometry": {"type": "Polygon", "coordinates": [[[-83.86806652752686, 34.2343940522154], [-83.86806516909213, 34.23439540849375], [-83.86806577059117, 34.234395989675974], [-83.8680671279372, 34.23439463429657], [-83.86806652752686, 34.2343940522154]]]}, "properties": {"OBJECTID": 3, "FNAME": null, "MNAME": null, "LNAME": null, "STATUS": null, "DEPARTMENT": null, "X": "2", "Y": "A", "CONCAT": null, "INFORMATION": null, "svcdatefromTXT": null, "svcdatetoTXT": null, "PLACEMENT": null, "BrickSize": "Full", "Coordinate": "A,2", "Shape_Length": 1.8413345962125405, "Shape_Area": 0.17647780435228777}}, {"type": "Feature", "id": 4, "geometry": {"type": "Polygon", "coordinates": [[[-83.86806506015569, 34.23439551731994], [-83.8680637017209, 34.23439687359826], [-83.86806430321994, 34.23439745478052], [-83.86806566056603, 34.2343960994011], [-83.86806506015569, 34.23439551731994]]]}, "properties": {"OBJECTID": 4, "FNAME": null, "MNAME": null, "LNAME": null, "STATUS": null, "DEPARTMENT": null, "X": "3", "Y": "A", "CONCAT": null, "INFORMATION": null, "svcdatefromTXT": null, "svcdatetoTXT": null, "PLACEMENT": null, "BrickSize": "Full", "Coordinate": "A,3", "Shape_Length": 1.841334596204787, "Shape_Area": 0.17647780435228777}}, {"type": "Feature", "id": 5, "geometry": {"type": "Polygon", "coordinates": [[[-83.86806359387634, 34.23439698062397], [-83.86806223652702, 34.2343983369049], [-83.86806283694052, 34.23439891808451], [-83.86806419537217, 34.23439756270778], [-83.86806359387634, 34.23439698062397]]]}, "properties": {"OBJECTID": 5, "FNAME": null, "MNAME": null, "LNAME": null, "STATUS": null, "DEPARTMENT": null, "X": "4", "Y": "A", "CONCAT": null, "INFORMATION": null, "svcdatefromTXT": null, "svcdatetoTXT": null, "PLACEMENT": null, "BrickSize": "Full", "Coordinate": "A,4", "Shape_Length": 1.8413344762362986, "Shape_Area": 0.17647780162188034}}, {"type": "Feature", "id": 6, "geometry": {"type": "Polygon", "coordinates": [[[-83.86806212650505, 34.234398445728445], [-83.86806077024757, 34.23439980020887], [-83.86806137174659, 34.23440038139115], [-83.86806272800088, 34.234399027812294], [-83.86806212650505, 34.234398445728445]]]}, "properties": {"OBJECTID": 6, "FNAME": null, "MNAME": null, "LNAME": null, "STATUS": null, "DEPARTMENT": null, "X": "5", "Y": "A", "CONCAT": null, "INFORMATION": null, "svcdatefromTXT": null, "svcdatetoTXT": null, "PLACEMENT": null, "BrickSize": "Full", "Coordinate": "A,5", "Shape_Length": 1.839910330674297, "Shape_Area": 0.1763353444177428}}, {"type": "Feature", "id": 7, "geometry": {"type": "Polygon", "coordinates": [[[-83.8680606613111, 34.23439990903508], [-83.86805930287618, 34.23440126531335], [-83.86805990437522, 34.234401846495636], [-83.86806126172142, 34.23440049111627], [-83.8680606613111, 34.23439990903508]]]}, "properties": {"OBJECTID": 7, "FNAME": null, "MNAME": null, "LNAME": null, "STATUS": null, "DEPARTMENT": null, "X": "6", "Y": "A", "CONCAT": null, "INFORMATION": null, "svcdatefromTXT": null, "svcdatetoTXT": null, "PLACEMENT": null, "BrickSize": "Full", "Coordinate": "A,6", "Shape_Length": 1.841334596146825, "Shape_Area": 0.17647780382429493}}, {"type": "Feature", "id": 8, "geometry": {"type": "Polygon", "coordinates": [[[-83.86805919393973, 34.23440137413956], [-83.86805783768216, 34.23440272861995], [-83.86805843809564, 34.23440330979956], [-83.86805979435006, 34.23440195622075], [-83.86805919393973, 34.23440137413956]]]}, "properties": {"OBJECTID": 8, "FNAME": null, "MNAME": null, "LNAME": null, "STATUS": null, "DEPARTMENT": null, "X": "7", "Y": "A", "CONCAT": null, "INFORMATION": null, "svcdatefromTXT": null, "svcdatetoTXT": null, "PLACEMENT": null, "BrickSize": "Full", "Coordinate": "A,7", "Shape_Length": 1.8394815472630608, "Shape_Area": 0.1761732911915369}}, {"type": "Feature", "id": 9, "geometry": {"type": "Polygon", "coordinates": [[[-83.86805772766016, 34.23440283744348], [-83.86805637031065, 34.234404193724366], [-83.86805697072418, 34.23440477490402], [-83.868058329156, 34.23440341952733], [-83.86805772766016, 34.23440283744348]]]}, "properties": {"OBJECTID": 9, "FNAME": null, "MNAME": null, "LNAME": null, "STATUS": null, "DEPARTMENT": null, "X": "8", "Y": "A", "CONCAT": null, "INFORMATION": null, "svcdatefromTXT": null, "svcdatetoTXT": null, "PLACEMENT": null, "BrickSize": "Full", "Coordinate": "A,8", "Shape_Length": 1.841334487675852, "Shape_Area": 0.17647780435228777}}, {"type": "Feature", "id": 10, "geometry": {"type": "Polygon", "coordinates": [[[-83.86805626028868, 34.23440430254793], [-83.868054904031, 34.23440565702828], [-83.86805550553004, 34.23440623821058], [-83.86805686178452, 34.23440488463177], [-83.86805626028868, 34.23440430254793]]]}, "properties": {"OBJECTID": 10, "FNAME": null, "MNAME": null, "LNAME": null, "STATUS": null, "DEPARTMENT": null, "X": "9", "Y": "A", "CONCAT": null, "INFORMATION": null, "svcdatefromTXT": null, "svcdatetoTXT": null, "PLACEMENT": null, "BrickSize": "Full", "Coordinate": "A,9", "Shape_Length": 1.8399103355845996, "Shape_Area": 0.1763353448889031}}, {"type": "Feature", "id": 11, "geometry": {"type": "Polygon", "coordinates": [[[-83.86805479509452, 34.23440576585449], [-83.86805343665942, 34.23440712213268], [-83.86805403815845, 34.23440770331497], [-83.86805539550485, 34.2344063479357], [-83.86805479509452, 34.23440576585449]]]}, "properties": {"OBJECTID": 11, "FNAME": null, "MNAME": null, "LNAME": null, "STATUS": null, "DEPARTMENT": null, "X": "10", "Y": "A", "CONCAT": null, "INFORMATION": null, "svcdatefromTXT": null, "svcdatetoTXT": null, "PLACEMENT": null, "BrickSize": "Full", "Coordinate": "A,10", "Shape_Length": 1.8413345848268947, "Shape_Area": 0.1764778021498732}}, {"type": "Feature", "id": 12, "geometry": {"type": "Polygon", "coordinates": [[[-83.86807015895592, 34.234391798988014], [-83.86806948028456, 34.234392476226965], [-83.86807008285955, 34.23439306011653], [-83.86807076153092, 34.23439238287759], [-83.86807015895592, 34.234391798988014]]]}, "properties": {"OBJECTID": 12, "FNAME": null, "MNAME": null, "LNAME": null, "STATUS": null, "DEPARTMENT": null, "X": "0", "Y": "B", "CONCAT": null, "INFORMATION": null, "svcdatefromTXT": null, "svcdatetoTXT": null, "PLACEMENT": null, "BrickSize": "Half", "Coordinate": "B,0", "Shape_Length": 1.2009725519087526, "Shape_Area": 0.08846596557419531}}, {"type": "Feature", "id": 13, "geometry": {"type": "Polygon", "coordinates": [[[-83.86806942472604, 34.23439253198979], [-83.86806806629139, 34.23439388826816], [-83.86806866995508, 34.23439447125881], [-83.86807002730423, 34.23439311497778], [-83.86806942472604, 34.23439253198979]]]}, "properties": {"OBJECTID": 13, "FNAME": null, "MNAME": null, "LNAME": null, "STATUS": null, "DEPARTMENT": null, "X": "1", "Y": "B", "CONCAT": null, "INFORMATION": null, "svcdatefromTXT": null, "svcdatetoTXT": null, "PLACEMENT": null, "BrickSize": "Full", "Coordinate": "B,1", "Shape_Length": 1.8431900412915614, "Shape_Area": 0.17703359496535587}}, {"type": "Feature", "id": 14, "geometry": {"type": "Polygon", "coordinates": [[[-83.86806795953234, 34.234393995296486], [-83.86806660109762, 34.23439535157484], [-83.8680672036758, 34.23439593456287], [-83.86806856211052, 34.23439457828451], [-83.86806795953234, 34.234393995296486]]]}, "properties": {"OBJECTID": 14, "FNAME": null, "MNAME": null, "LNAME": null, "STATUS": null, "DEPARTMENT": null, "X": "2", "Y": "B", "CONCAT": null, "INFORMATION": null, "svcdatefromTXT": null, "svcdatetoTXT": null, "PLACEMENT": null, "BrickSize": "Full", "Coordinate": "B,2", "Shape_Length": 1.843184525273477, "Shape_Area": 0.17698714982539143}}, {"type": "Feature", "id": 15, "geometry": {"type": "Polygon", "coordinates": [[[-83.86806649216118, 34.23439546040104], [-83.8680651359038, 34.23439681488152], [-83.86806573848199, 34.23439739786956], [-83.86806709473936, 34.234396043389076], [-83.86806649216118, 34.23439546040104]]]}, "properties": {"OBJECTID": 15, "FNAME": null, "MNAME": null, "LNAME": null, "STATUS": null, "DEPARTMENT": null, "X": "3", "Y": "B", "CONCAT": null, "INFORMATION": null, "svcdatefromTXT": null, "svcdatetoTXT": null, "PLACEMENT": null, "BrickSize": "Full", "Coordinate": "B,3", "Shape_Length": 1.8413368946602495, "Shape_Area": 0.17672838703788077}}, {"type": "Feature", "id": 16, "geometry": {"type": "Polygon", "coordinates": [[[-83.86806502588185, 34.234396923705084], [-83.86806366853256, 34.234398279986046], [-83.86806427111074, 34.234398862974075], [-83.86806562846003, 34.23439750669311], [-83.86806502588185, 34.234396923705084]]]}, "properties": {"OBJECTID": 16, "FNAME": null, "MNAME": null, "LNAME": null, "STATUS": null, "DEPARTMENT": null, "X": "4", "Y": "B", "CONCAT": null, "INFORMATION": null, "svcdatefromTXT": null, "svcdatetoTXT": null, "PLACEMENT": null, "BrickSize": "Full", "Coordinate": "B,4", "Shape_Length": 1.8427664629167957, "Shape_Area": 0.17691771999156214}}, {"type": "Feature", "id": 17, "geometry": {"type": "Polygon", "coordinates": [[[-83.86806355851058, 34.23439838880959], [-83.86806220225313, 34.234399743290034], [-83.86806280483131, 34.234400326278084], [-83.86806416108877, 34.23439897179763], [-83.86806355851058, 34.23439838880959]]]}, "properties": {"OBJECTID": 17, "FNAME": null, "MNAME": null, "LNAME": null, "STATUS": null, "DEPARTMENT": null, "X": "5", "Y": "B", "CONCAT": null, "INFORMATION": null, "svcdatefromTXT": null, "svcdatetoTXT": null, "PLACEMENT": null, "BrickSize": "Full", "Coordinate": "B,5", "Shape_Length": 1.8413368946602495, "Shape_Area": 0.17672838703788077}}, {"type": "Feature", "id": 18, "geometry": {"type": "Polygon", "coordinates": [[[-83.86806209113928, 34.23439985391411], [-83.86806073488178, 34.23440120839453], [-83.86806133745995, 34.23440179138258], [-83.86806269371428, 34.234400437803714], [-83.86806209113928, 34.23439985391411]]]}, "properties": {"OBJECTID": 18, "FNAME": null, "MNAME": null, "LNAME": null, "STATUS": null, "DEPARTMENT": null, "X": "6", "Y": "B", "CONCAT": null, "INFORMATION": null, "svcdatefromTXT": null, "svcdatetoTXT": null, "PLACEMENT": null, "BrickSize": "Full", "Coordinate": "B,6", "Shape_Length": 1.8413324562299687, "Shape_Area": 0.1767654142373915}}, {"type": "Feature", "id": 19, "geometry": {"type": "Polygon", "coordinates": [[[-83.8680606259453, 34.23440131722074], [-83.86805926751038, 34.234402673499005], [-83.86805987008856, 34.23440325648706], [-83.8680612285203, 34.23440190111036], [-83.8680606259453, 34.23440131722074]]]}, "properties": {"OBJECTID": 19, "FNAME": null, "MNAME": null, "LNAME": null, "STATUS": null, "DEPARTMENT": null, "X": "7", "Y": "B", "CONCAT": null, "INFORMATION": null, "svcdatefromTXT": null, "svcdatetoTXT": null, "PLACEMENT": null, "BrickSize": "Full", "Coordinate": "B,7", "Shape_Length": 1.8431801153459721, "Shape_Area": 0.17702428466186665}}, {"type": "Feature", "id": 20, "geometry": {"type": "Polygon", "coordinates": [[[-83.86805915966578, 34.23440278052468], [-83.8680578023163, 34.23440413680558], [-83.86805840489448, 34.234404719793645], [-83.86805976224078, 34.234403364414305], [-83.86805915966578, 34.23440278052468]]]}, "properties": {"OBJECTID": 20, "FNAME": null, "MNAME": null, "LNAME": null, "STATUS": null, "DEPARTMENT": null, "X": "8", "Y": "B", "CONCAT": null, "INFORMATION": null, "svcdatefromTXT": null, "svcdatetoTXT": null, "PLACEMENT": null, "BrickSize": "Full", "Coordinate": "B,8", "Shape_Length": 1.8427619818998577, "Shape_Area": 0.17695480405529163}}, {"type": "Feature", "id": 21, "geometry": {"type": "Polygon", "coordinates": [[[-83.86805769229431, 34.23440424562914], [-83.8680563349448, 34.23440560191001], [-83.86805693752298, 34.2344061848981], [-83.86805829486931, 34.23440482951877], [-83.86805769229431, 34.23440424562914]]]}, "properties": {"OBJECTID": 21, "FNAME": null, "MNAME": null, "LNAME": null, "STATUS": null, "DEPARTMENT": null, "X": "9", "Y": "B", "CONCAT": null, "INFORMATION": null, "svcdatefromTXT": null, "svcdatetoTXT": null, "PLACEMENT": null, "BrickSize": "Full", "Coordinate": "B,9", "Shape_Length": 1.8427619818998577, "Shape_Area": 0.17695480405529163}}, {"type": "Feature", "id": 22, "geometry": {"type": "Polygon", "coordinates": [[[-83.86805622492281, 34.234405710733576], [-83.86805486866513, 34.23440706521393], [-83.8680554712433, 34.23440764820199], [-83.8680568274978, 34.234406294623206], [-83.86805622492281, 34.234405710733576]]]}, "properties": {"OBJECTID": 22, "FNAME": null, "MNAME": null, "LNAME": null, "STATUS": null, "DEPARTMENT": null, "X": "10", "Y": "B", "CONCAT": null, "INFORMATION": null, "svcdatefromTXT": null, "svcdatetoTXT": null, "PLACEMENT": null, "BrickSize": "Full", "Coordinate": "B,10", "Shape_Length": 1.8413324399826885, "Shape_Area": 0.1767654101949463}}, {"type": "Feature", "id": 23, "geometry": {"type": "Polygon", "coordinates": [[[-83.86805475972864, 34.23440717404011], [-83.86805408105702, 34.234407851278974], [-83.8680546836352, 34.23440843426704], [-83.86805536230365, 34.23440775792976], [-83.86805475972864, 34.23440717404011]]]}, "properties": {"OBJECTID": 23, "FNAME": null, "MNAME": null, "LNAME": null, "STATUS": null, "DEPARTMENT": null, "X": "11", "Y": "B", "CONCAT": null, "INFORMATION": null, "svcdatefromTXT": null, "svcdatetoTXT": null, "PLACEMENT": null, "BrickSize": "Half", "Coordinate": "B,11", "Shape_Length": 1.2004714417674607, "Shape_Area": 0.08840245811393763}}, {"type": "Feature", "id": 24, "geometry": {"type": "Polygon", "coordinates": [[[-83.86807085889613, 34.234392476879265], [-83.86806950046469, 34.23439383225608], [-83.86807010196054, 34.23439441433986], [-83.86807145930968, 34.23439305805882], [-83.86807085889613, 34.234392476879265]]]}, "properties": {"OBJECTID": 24, "FNAME": null, "MNAME": null, "LNAME": null, "STATUS": null, "DEPARTMENT": null, "X": "0", "Y": "C", "CONCAT": null, "INFORMATION": null, "svcdatefromTXT": null, "svcdatetoTXT": null, "PLACEMENT": null, "BrickSize": "Full", "Coordinate": "C,0", "Shape_Length": 1.841334476295493, "Shape_Area": 0.1764778021498732}}, {"type": "Feature", "id": 25, "geometry": {"type": "Polygon", "coordinates": [[[-83.86806939043954, 34.234393941981224], [-83.86806803527095, 34.2343952955628], [-83.86806863568128, 34.23439587764395], [-83.86806999193858, 34.23439452316343], [-83.86806939043954, 34.234393941981224]]]}, "properties": {"OBJECTID": 25, "FNAME": null, "MNAME": null, "LNAME": null, "STATUS": null, "DEPARTMENT": null, "X": "1", "Y": "C", "CONCAT": null, "INFORMATION": null, "svcdatefromTXT": null, "svcdatetoTXT": null, "PLACEMENT": null, "BrickSize": "Full", "Coordinate": "C,1", "Shape_Length": 1.8394869553296969, "Shape_Area": 0.17621968335511878}}, {"type": "Feature", "id": 26, "geometry": {"type": "Polygon", "coordinates": [[[-83.86806792524581, 34.23439540528793], [-83.86806656681425, 34.234396760664715], [-83.8680671683101, 34.23439734274852], [-83.86806852674486, 34.23439598647016], [-83.86806792524581, 34.23439540528793]]]}, "properties": {"OBJECTID": 26, "FNAME": null, "MNAME": null, "LNAME": null, "STATUS": null, "DEPARTMENT": null, "X": "2", "Y": "C", "CONCAT": null, "INFORMATION": null, "svcdatefromTXT": null, "svcdatetoTXT": null, "PLACEMENT": null, "BrickSize": "Full", "Coordinate": "C,2", "Shape_Length": 1.8417579994495274, "Shape_Area": 0.17659357027074732}}, {"type": "Feature", "id": 27, "geometry": {"type": "Polygon", "coordinates": [[[-83.86806645787463, 34.23439687039249], [-83.86806509944303, 34.23439822576925], [-83.86806570093889, 34.23439880785307], [-83.86806705937367, 34.23439745157471], [-83.86806645787463, 34.23439687039249]]]}, "properties": {"OBJECTID": 27, "FNAME": null, "MNAME": null, "LNAME": null, "STATUS": null, "DEPARTMENT": null, "X": "3", "Y": "C", "CONCAT": null, "INFORMATION": null, "svcdatefromTXT": null, "svcdatetoTXT": null, "PLACEMENT": null, "BrickSize": "Full", "Coordinate": "C,3", "Shape_Length": 1.8417579946441902, "Shape_Area": 0.17659356895626513}}, {"type": "Feature", "id": 28, "geometry": {"type": "Polygon", "coordinates": [[[-83.86806499268079, 34.23439833369915], [-83.86806363424914, 34.234399689075914], [-83.86806423574501, 34.23440027115972], [-83.86806559309113, 34.234398915780325], [-83.86806499268079, 34.23439833369915]]]}, "properties": {"OBJECTID": 28, "FNAME": null, "MNAME": null, "LNAME": null, "STATUS": null, "DEPARTMENT": null, "X": "4", "Y": "C", "CONCAT": null, "INFORMATION": null, "svcdatefromTXT": null, "svcdatetoTXT": null, "PLACEMENT": null, "BrickSize": "Full", "Coordinate": "C,4", "Shape_Length": 1.8413300476783618, "Shape_Area": 0.17651499247986352}}, {"type": "Feature", "id": 29, "geometry": {"type": "Polygon", "coordinates": [[[-83.86806352422398, 34.234399798801036], [-83.86806216905521, 34.23440115238254], [-83.86806276946555, 34.23440173446374], [-83.86806412571985, 34.23440038088485], [-83.86806352422398, 34.234399798801036]]]}, "properties": {"OBJECTID": 29, "FNAME": null, "MNAME": null, "LNAME": null, "STATUS": null, "DEPARTMENT": null, "X": "5", "Y": "C", "CONCAT": null, "INFORMATION": null, "svcdatefromTXT": null, "svcdatetoTXT": null, "PLACEMENT": null, "BrickSize": "Full", "Coordinate": "C,5", "Shape_Length": 1.8394823945058183, "Shape_Area": 0.17625676925521228}}, {"type": "Feature", "id": 30, "geometry": {"type": "Polygon", "coordinates": [[[-83.86806205903005, 34.23440126210768], [-83.8680607005983, 34.23440261748438], [-83.86806130209418, 34.23440319956821], [-83.8680626605259, 34.2344018441915], [-83.86806205903005, 34.23440126210768]]]}, "properties": {"OBJECTID": 30, "FNAME": null, "MNAME": null, "LNAME": null, "STATUS": null, "DEPARTMENT": null, "X": "6", "Y": "C", "CONCAT": null, "INFORMATION": null, "svcdatefromTXT": null, "svcdatetoTXT": null, "PLACEMENT": null, "BrickSize": "Full", "Coordinate": "C,6", "Shape_Length": 1.8417534347507893, "Shape_Area": 0.17663075678012277}}, {"type": "Feature", "id": 31, "geometry": {"type": "Polygon", "coordinates": [[[-83.86806059165866, 34.23440272721215], [-83.86805923540427, 34.234404080790995], [-83.86805983690014, 34.23440466287483], [-83.86806119315453, 34.23440330929597], [-83.86806059165866, 34.23440272721215]]]}, "properties": {"OBJECTID": 31, "FNAME": null, "MNAME": null, "LNAME": null, "STATUS": null, "DEPARTMENT": null, "X": "7", "Y": "C", "CONCAT": null, "INFORMATION": null, "svcdatefromTXT": null, "svcdatetoTXT": null, "PLACEMENT": null, "BrickSize": "Full", "Coordinate": "C,7", "Shape_Length": 1.8399057586124252, "Shape_Area": 0.17637242590689609}}, {"type": "Feature", "id": 32, "geometry": {"type": "Polygon", "coordinates": [[[-83.86805912646462, 34.23440419051876], [-83.8680577680296, 34.234405546797014], [-83.86805836952864, 34.2344061279793], [-83.86805972687498, 34.23440477259996], [-83.86805912646462, 34.23440419051876]]]}, "properties": {"OBJECTID": 32, "FNAME": null, "MNAME": null, "LNAME": null, "STATUS": null, "DEPARTMENT": null, "X": "8", "Y": "C", "CONCAT": null, "INFORMATION": null, "svcdatefromTXT": null, "svcdatetoTXT": null, "PLACEMENT": null, "BrickSize": "Full", "Coordinate": "C,8", "Shape_Length": 1.841334596141951, "Shape_Area": 0.17647780382429493}}, {"type": "Feature", "id": 33, "geometry": {"type": "Polygon", "coordinates": [[[-83.86805765909313, 34.23440565562321], [-83.86805630283547, 34.234407010103595], [-83.86805690324898, 34.23440759128321], [-83.86805825950347, 34.23440623770441], [-83.86805765909313, 34.23440565562321]]]}, "properties": {"OBJECTID": 33, "FNAME": null, "MNAME": null, "LNAME": null, "STATUS": null, "DEPARTMENT": null, "X": "9", "Y": "C", "CONCAT": null, "INFORMATION": null, "svcdatefromTXT": null, "svcdatetoTXT": null, "PLACEMENT": null, "BrickSize": "Full", "Coordinate": "C,9", "Shape_Length": 1.8394815472630608, "Shape_Area": 0.1761732911915369}}, {"type": "Feature", "id": 34, "geometry": {"type": "Polygon", "coordinates": [[[-83.86805619281348, 34.23440711892712], [-83.86805483437836, 34.23440847520534], [-83.86805543587741, 34.23440905638764], [-83.86805679430933, 34.23440770101099], [-83.86805619281348, 34.23440711892712]]]}, "properties": {"OBJECTID": 34, "FNAME": null, "MNAME": null, "LNAME": null, "STATUS": null, "DEPARTMENT": null, "X": "10", "Y": "C", "CONCAT": null, "INFORMATION": null, "svcdatefromTXT": null, "svcdatetoTXT": null, "PLACEMENT": null, "BrickSize": "Full", "Coordinate": "C,10", "Shape_Length": 1.8417579946401301, "Shape_Area": 0.17659356895626513}}, {"type": "Feature", "id": 35, "geometry": {"type": "Polygon", "coordinates": [[[-83.86807155667488, 34.234393152060505], [-83.86807087908903, 34.234393829302086], [-83.86807147949938, 34.234394411383235], [-83.86807215817075, 34.23439373414429], [-83.86807155667488, 34.234393152060505]]]}, "properties": {"OBJECTID": 35, "FNAME": null, "MNAME": null, "LNAME": null, "STATUS": null, "DEPARTMENT": null, "X": "0", "Y": "D", "CONCAT": null, "INFORMATION": null, "svcdatefromTXT": null, "svcdatetoTXT": null, "PLACEMENT": null, "BrickSize": "Half", "Coordinate": "D,0", "Shape_Length": 1.1991269449763238, "Shape_Area": 0.08817560862919478}}, {"type": "Feature", "id": 36, "geometry": {"type": "Polygon", "coordinates": [[[-83.86807082244499, 34.234393885062254], [-83.86806946509904, 34.234395240441714], [-83.8680700665949, 34.23439582252553], [-83.86807142394406, 34.23439446624448], [-83.86807082244499, 34.234393885062254]]]}, "properties": {"OBJECTID": 36, "FNAME": null, "MNAME": null, "LNAME": null, "STATUS": null, "DEPARTMENT": null, "X": "1", "Y": "D", "CONCAT": null, "INFORMATION": null, "svcdatefromTXT": null, "svcdatetoTXT": null, "PLACEMENT": null, "BrickSize": "Full", "Coordinate": "D,1", "Shape_Length": 1.8413398612544887, "Shape_Area": 0.17652430415405637}}, {"type": "Feature", "id": 37, "geometry": {"type": "Polygon", "coordinates": [[[-83.8680693572513, 34.234395348369006], [-83.86806799881977, 34.23439670374577], [-83.86806860031564, 34.234397285829594], [-83.86806995874716, 34.234395930452784], [-83.8680693572513, 34.234395348369006]]]}, "properties": {"OBJECTID": 37, "FNAME": null, "MNAME": null, "LNAME": null, "STATUS": null, "DEPARTMENT": null, "X": "2", "Y": "D", "CONCAT": null, "INFORMATION": null, "svcdatefromTXT": null, "svcdatetoTXT": null, "PLACEMENT": null, "BrickSize": "Full", "Coordinate": "D,2", "Shape_Length": 1.8417534460710177, "Shape_Area": 0.17663075845637782}}, {"type": "Feature", "id": 38, "geometry": {"type": "Polygon", "coordinates": [[[-83.86806788988014, 34.23439681347357], [-83.86806653362595, 34.23439816705249], [-83.86806713512182, 34.23439874913628], [-83.868068491376, 34.23439739555737], [-83.86806788988014, 34.23439681347357]]]}, "properties": {"OBJECTID": 38, "FNAME": null, "MNAME": null, "LNAME": null, "STATUS": null, "DEPARTMENT": null, "X": "3", "Y": "D", "CONCAT": null, "INFORMATION": null, "svcdatefromTXT": null, "svcdatetoTXT": null, "PLACEMENT": null, "BrickSize": "Full", "Coordinate": "D,3", "Shape_Length": 1.8399057471307172, "Shape_Area": 0.17637242454780339}}, {"type": "Feature", "id": 39, "geometry": {"type": "Polygon", "coordinates": [[[-83.8680664246863, 34.23439827678027], [-83.8680650662547, 34.234399632157036], [-83.86806566775057, 34.23440021424085], [-83.86806702509668, 34.23439885886142], [-83.8680664246863, 34.23439827678027]]]}, "properties": {"OBJECTID": 39, "FNAME": null, "MNAME": null, "LNAME": null, "STATUS": null, "DEPARTMENT": null, "X": "4", "Y": "D", "CONCAT": null, "INFORMATION": null, "svcdatefromTXT": null, "svcdatetoTXT": null, "PLACEMENT": null, "BrickSize": "Full", "Coordinate": "D,4", "Shape_Length": 1.8413300477353884, "Shape_Area": 0.17651499300724527}}, {"type": "Feature", "id": 40, "geometry": {"type": "Polygon", "coordinates": [[[-83.86806495622955, 34.234399741882164], [-83.8680636010608, 34.234401095463674], [-83.86806420147114, 34.23440167754484], [-83.86806555772542, 34.234400323965964], [-83.86806495622955, 34.234399741882164]]]}, "properties": {"OBJECTID": 40, "FNAME": null, "MNAME": null, "LNAME": null, "STATUS": null, "DEPARTMENT": null, "X": "5", "Y": "D", "CONCAT": null, "INFORMATION": null, "svcdatefromTXT": null, "svcdatetoTXT": null, "PLACEMENT": null, "BrickSize": "Full", "Coordinate": "D,5", "Shape_Length": 1.8394823831210732, "Shape_Area": 0.1762567670552421}}, {"type": "Feature", "id": 41, "geometry": {"type": "Polygon", "coordinates": [[[-83.86806348885824, 34.234401206986675], [-83.86806213260392, 34.23440256056554], [-83.8680627340998, 34.23440314264937], [-83.86806409035411, 34.234401789070496], [-83.86806348885824, 34.234401206986675]]]}, "properties": {"OBJECTID": 41, "FNAME": null, "MNAME": null, "LNAME": null, "STATUS": null, "DEPARTMENT": null, "X": "6", "Y": "D", "CONCAT": null, "INFORMATION": null, "svcdatefromTXT": null, "svcdatetoTXT": null, "PLACEMENT": null, "BrickSize": "Full", "Coordinate": "D,6", "Shape_Length": 1.8399057422617817, "Shape_Area": 0.17637242270838388}}, {"type": "Feature", "id": 42, "geometry": {"type": "Polygon", "coordinates": [[[-83.86806202366428, 34.234402670293306], [-83.86806066522932, 34.23440402657159], [-83.86806126672838, 34.23440460775386], [-83.86806262516014, 34.23440325237713], [-83.86806202366428, 34.234402670293306]]]}, "properties": {"OBJECTID": 42, "FNAME": null, "MNAME": null, "LNAME": null, "STATUS": null, "DEPARTMENT": null, "X": "7", "Y": "D", "CONCAT": null, "INFORMATION": null, "svcdatefromTXT": null, "svcdatetoTXT": null, "PLACEMENT": null, "BrickSize": "Full", "Coordinate": "D,7", "Shape_Length": 1.8417579946401301, "Shape_Area": 0.17659356895626513}}, {"type": "Feature", "id": 43, "geometry": {"type": "Polygon", "coordinates": [[[-83.86806055847025, 34.23440413359994], [-83.86805920003526, 34.234405489878206], [-83.86805980153432, 34.23440607106047], [-83.86806115888061, 34.23440471568112], [-83.86806055847025, 34.23440413359994]]]}, "properties": {"OBJECTID": 43, "FNAME": null, "MNAME": null, "LNAME": null, "STATUS": null, "DEPARTMENT": null, "X": "8", "Y": "D", "CONCAT": null, "INFORMATION": null, "svcdatefromTXT": null, "svcdatetoTXT": null, "PLACEMENT": null, "BrickSize": "Full", "Coordinate": "D,8", "Shape_Length": 1.841334584768933, "Shape_Area": 0.17647780162188034}}, {"type": "Feature", "id": 44, "geometry": {"type": "Polygon", "coordinates": [[[-83.86805909109879, 34.23440559870438], [-83.86805773266374, 34.23440695498266], [-83.86805833416281, 34.23440753616492], [-83.86805969150915, 34.234406180785605], [-83.86805909109879, 34.23440559870438]]]}, "properties": {"OBJECTID": 44, "FNAME": null, "MNAME": null, "LNAME": null, "STATUS": null, "DEPARTMENT": null, "X": "9", "Y": "D", "CONCAT": null, "INFORMATION": null, "svcdatefromTXT": null, "svcdatetoTXT": null, "PLACEMENT": null, "BrickSize": "Full", "Coordinate": "D,9", "Shape_Length": 1.8413345962125405, "Shape_Area": 0.17647780435228777}}, {"type": "Feature", "id": 45, "geometry": {"type": "Polygon", "coordinates": [[[-83.86805762264177, 34.234407063806195], [-83.86805626638407, 34.23440841828657], [-83.86805686788313, 34.23440899946886], [-83.86805822413764, 34.234407645890045], [-83.86805762264177, 34.234407063806195]]]}, "properties": {"OBJECTID": 45, "FNAME": null, "MNAME": null, "LNAME": null, "STATUS": null, "DEPARTMENT": null, "X": "10", "Y": "D", "CONCAT": null, "INFORMATION": null, "svcdatefromTXT": null, "svcdatetoTXT": null, "PLACEMENT": null, "BrickSize": "Full", "Coordinate": "D,10", "Shape_Length": 1.8399103355845996, "Shape_Area": 0.1763353448889031}}, {"type": "Feature", "id": 46, "geometry": {"type": "Polygon", "coordinates": [[[-83.8680561574476, 34.23440852711277], [-83.86805547986148, 34.23440920435427], [-83.86805608027186, 34.23440978643548], [-83.86805675894347, 34.23440910919662], [-83.8680561574476, 34.23440852711277]]]}, "properties": {"OBJECTID": 46, "FNAME": null, "MNAME": null, "LNAME": null, "STATUS": null, "DEPARTMENT": null, "X": "11", "Y": "D", "CONCAT": null, "INFORMATION": null, "svcdatefromTXT": null, "svcdatetoTXT": null, "PLACEMENT": null, "BrickSize": "Half", "Coordinate": "D,11", "Shape_Length": 1.1991269498427477, "Shape_Area": 0.08817560954951563}}, {"type": "Feature", "id": 47, "geometry": {"type": "Polygon", "coordinates": [[[-83.86807225445045, 34.2343938281433], [-83.86807089710452, 34.234395183522786], [-83.8680714986004, 34.23439576560656], [-83.86807285594634, 34.23439441022708], [-83.86807225445045, 34.2343938281433]]]}, "properties": {"OBJECTID": 47, "FNAME": null, "MNAME": null, "LNAME": null, "STATUS": null, "DEPARTMENT": null, "X": "0", "Y": "E", "CONCAT": null, "INFORMATION": null, "svcdatefromTXT": null, "svcdatetoTXT": null, "PLACEMENT": null, "BrickSize": "Full", "Coordinate": "E,0", "Shape_Length": 1.8413352304177226, "Shape_Area": 0.17656143899053162}}, {"type": "Feature", "id": 48, "geometry": {"type": "Polygon", "coordinates": [[[-83.86807078707938, 34.23439529324793], [-83.86806943082526, 34.23439664682685], [-83.86807003232116, 34.23439722891065], [-83.86807138857526, 34.23439587533169], [-83.86807078707938, 34.23439529324793]]]}, "properties": {"OBJECTID": 48, "FNAME": null, "MNAME": null, "LNAME": null, "STATUS": null, "DEPARTMENT": null, "X": "1", "Y": "E", "CONCAT": null, "INFORMATION": null, "svcdatefromTXT": null, "svcdatetoTXT": null, "PLACEMENT": null, "BrickSize": "Full", "Coordinate": "E,1", "Shape_Length": 1.8399057471307172, "Shape_Area": 0.17637242454780339}}, {"type": "Feature", "id": 49, "geometry": {"type": "Polygon", "coordinates": [[[-83.86806932188564, 34.23439675655463], [-83.8680679634541, 34.234398111931434], [-83.86806856494997, 34.23439869401523], [-83.86806992338153, 34.234397338638445], [-83.86806932188564, 34.23439675655463]]]}, "properties": {"OBJECTID": 49, "FNAME": null, "MNAME": null, "LNAME": null, "STATUS": null, "DEPARTMENT": null, "X": "2", "Y": "E", "CONCAT": null, "INFORMATION": null, "svcdatefromTXT": null, "svcdatetoTXT": null, "PLACEMENT": null, "BrickSize": "Full", "Coordinate": "E,2", "Shape_Length": 1.8417534460710177, "Shape_Area": 0.17663075845637782}}, {"type": "Feature", "id": 50, "geometry": {"type": "Polygon", "coordinates": [[[-83.86806785451446, 34.23439822165921], [-83.86806649608286, 34.23439957703601], [-83.86806709757875, 34.2344001591198], [-83.86806845601033, 34.234398803743005], [-83.86806785451446, 34.23439822165921]]]}, "properties": {"OBJECTID": 50, "FNAME": null, "MNAME": null, "LNAME": null, "STATUS": null, "DEPARTMENT": null, "X": "3", "Y": "E", "CONCAT": null, "INFORMATION": null, "svcdatefromTXT": null, "svcdatetoTXT": null, "PLACEMENT": null, "BrickSize": "Full", "Coordinate": "E,3", "Shape_Length": 1.841753446171667, "Shape_Area": 0.17663075761183372}}, {"type": "Feature", "id": 51, "geometry": {"type": "Polygon", "coordinates": [[[-83.8680663882351, 34.23439968496328], [-83.86806503088897, 34.23440104034266], [-83.86806563238484, 34.23440162242647], [-83.86806698973098, 34.23440026704708], [-83.8680663882351, 34.23439968496328]]]}, "properties": {"OBJECTID": 51, "FNAME": null, "MNAME": null, "LNAME": null, "STATUS": null, "DEPARTMENT": null, "X": "4", "Y": "E", "CONCAT": null, "INFORMATION": null, "svcdatefromTXT": null, "svcdatetoTXT": null, "PLACEMENT": null, "BrickSize": "Full", "Coordinate": "E,4", "Shape_Length": 1.8413352188728966, "Shape_Area": 0.1765614371040572}}, {"type": "Feature", "id": 52, "geometry": {"type": "Polygon", "coordinates": [[[-83.86806492086382, 34.23440115006779], [-83.86806356460635, 34.23440250454824], [-83.8680641661054, 34.2344030857305], [-83.8680655223597, 34.23440173215162], [-83.86806492086382, 34.23440115006779]]]}, "properties": {"OBJECTID": 52, "FNAME": null, "MNAME": null, "LNAME": null, "STATUS": null, "DEPARTMENT": null, "X": "5", "Y": "E", "CONCAT": null, "INFORMATION": null, "svcdatefromTXT": null, "svcdatetoTXT": null, "PLACEMENT": null, "BrickSize": "Full", "Coordinate": "E,5", "Shape_Length": 1.839910335483304, "Shape_Area": 0.1763353457310028}}, {"type": "Feature", "id": 53, "geometry": {"type": "Polygon", "coordinates": [[[-83.86806345566987, 34.23440261337445], [-83.86806209723495, 34.234403969652746], [-83.86806269873404, 34.23440455083501], [-83.86806405716575, 34.23440319545828], [-83.86806345566987, 34.23440261337445]]]}, "properties": {"OBJECTID": 53, "FNAME": null, "MNAME": null, "LNAME": null, "STATUS": null, "DEPARTMENT": null, "X": "6", "Y": "E", "CONCAT": null, "INFORMATION": null, "svcdatefromTXT": null, "svcdatetoTXT": null, "PLACEMENT": null, "BrickSize": "Full", "Coordinate": "E,6", "Shape_Length": 1.841757994700603, "Shape_Area": 0.17659356948425797}}, {"type": "Feature", "id": 54, "geometry": {"type": "Polygon", "coordinates": [[[-83.86806198829849, 34.23440407847896], [-83.86806063204092, 34.23440543295938], [-83.86806123353998, 34.23440601414163], [-83.86806258979438, 34.23440466056279], [-83.86806198829849, 34.23440407847896]]]}, "properties": {"OBJECTID": 54, "FNAME": null, "MNAME": null, "LNAME": null, "STATUS": null, "DEPARTMENT": null, "X": "7", "Y": "E", "CONCAT": null, "INFORMATION": null, "svcdatefromTXT": null, "svcdatetoTXT": null, "PLACEMENT": null, "BrickSize": "Full", "Coordinate": "E,7", "Shape_Length": 1.839910324207932, "Shape_Area": 0.1763353426877107}}, {"type": "Feature", "id": 55, "geometry": {"type": "Polygon", "coordinates": [[[-83.86806052310446, 34.23440554178556], [-83.86805916466943, 34.23440689806383], [-83.8680597661685, 34.23440747924611], [-83.86806112351482, 34.234406123866755], [-83.86806052310446, 34.23440554178556]]]}, "properties": {"OBJECTID": 55, "FNAME": null, "MNAME": null, "LNAME": null, "STATUS": null, "DEPARTMENT": null, "X": "8", "Y": "E", "CONCAT": null, "INFORMATION": null, "svcdatefromTXT": null, "svcdatetoTXT": null, "PLACEMENT": null, "BrickSize": "Full", "Coordinate": "E,8", "Shape_Length": 1.841334596141951, "Shape_Area": 0.17647780382429493}}, {"type": "Feature", "id": 56, "geometry": {"type": "Polygon", "coordinates": [[[-83.86805905464746, 34.234407006887395], [-83.86805769838979, 34.23440836136778], [-83.86805829988884, 34.23440894255007], [-83.86805965614333, 34.23440758897123], [-83.86805905464746, 34.234407006887395]]]}, "properties": {"OBJECTID": 56, "FNAME": null, "MNAME": null, "LNAME": null, "STATUS": null, "DEPARTMENT": null, "X": "9", "Y": "E", "CONCAT": null, "INFORMATION": null, "svcdatefromTXT": null, "svcdatetoTXT": null, "PLACEMENT": null, "BrickSize": "Full", "Coordinate": "E,9", "Shape_Length": 1.839910330713497, "Shape_Area": 0.17633534304887244}}, {"type": "Feature", "id": 57, "geometry": {"type": "Polygon", "coordinates": [[[-83.8680575894533, 34.234408470193976], [-83.8680562310182, 34.234409826472216], [-83.86805683251725, 34.23441040765449], [-83.86805819094918, 34.23440905227782], [-83.8680575894533, 34.234408470193976]]]}, "properties": {"OBJECTID": 57, "FNAME": null, "MNAME": null, "LNAME": null, "STATUS": null, "DEPARTMENT": null, "X": "10", "Y": "E", "CONCAT": null, "INFORMATION": null, "svcdatefromTXT": null, "svcdatetoTXT": null, "PLACEMENT": null, "BrickSize": "Full", "Coordinate": "E,10", "Shape_Length": 1.8417579832641087, "Shape_Area": 0.17659356675262833}}, {"type": "Feature", "id": 58, "geometry": {"type": "Polygon", "coordinates": [[[-83.86807295331474, 34.23439450332718], [-83.86807227464337, 34.23439518056614], [-83.8680728783039, 34.234395764458334], [-83.86807355588978, 34.23439508721674], [-83.86807295331474, 34.23439450332718]]]}, "properties": {"OBJECTID": 58, "FNAME": null, "MNAME": null, "LNAME": null, "STATUS": null, "DEPARTMENT": null, "X": "0", "Y": "F", "CONCAT": null, "INFORMATION": null, "svcdatefromTXT": null, "svcdatetoTXT": null, "PLACEMENT": null, "BrickSize": "Half", "Coordinate": "F,0", "Shape_Length": 1.2009778622781284, "Shape_Area": 0.08847172423123968}}, {"type": "Feature", "id": 59, "geometry": {"type": "Polygon", "coordinates": [[[-83.86807221908487, 34.23439523632895], [-83.86807086173889, 34.23439659170842], [-83.86807146431391, 34.234397175598005], [-83.86807282274859, 34.23439581931958], [-83.86807221908487, 34.23439523632895]]]}, "properties": {"OBJECTID": 59, "FNAME": null, "MNAME": null, "LNAME": null, "STATUS": null, "DEPARTMENT": null, "X": "1", "Y": "F", "CONCAT": null, "INFORMATION": null, "svcdatefromTXT": null, "svcdatetoTXT": null, "PLACEMENT": null, "BrickSize": "Full", "Coordinate": "F,1", "Shape_Length": 1.8431855536475545, "Shape_Area": 0.17707067761438228}}, {"type": "Feature", "id": 60, "geometry": {"type": "Polygon", "coordinates": [[[-83.86807075389115, 34.234396699635695], [-83.86806939545961, 34.234398055012505], [-83.86806999912015, 34.234398638904736], [-83.86807135646937, 34.234397282623696], [-83.86807075389115, 34.234396699635695]]]}, "properties": {"OBJECTID": 60, "FNAME": null, "MNAME": null, "LNAME": null, "STATUS": null, "DEPARTMENT": null, "X": "2", "Y": "F", "CONCAT": null, "INFORMATION": null, "svcdatefromTXT": null, "svcdatetoTXT": null, "PLACEMENT": null, "BrickSize": "Full", "Coordinate": "F,2", "Shape_Length": 1.8431854457286287, "Shape_Area": 0.17707067761438228}}, {"type": "Feature", "id": 61, "geometry": {"type": "Polygon", "coordinates": [[[-83.86806928651998, 34.234398164740284], [-83.86806793026261, 34.23439951922079], [-83.86806853284084, 34.23440010220881], [-83.86806988909821, 34.23439874772831], [-83.86806928651998, 34.234398164740284]]]}, "properties": {"OBJECTID": 61, "FNAME": null, "MNAME": null, "LNAME": null, "STATUS": null, "DEPARTMENT": null, "X": "3", "Y": "F", "CONCAT": null, "INFORMATION": null, "svcdatefromTXT": null, "svcdatetoTXT": null, "PLACEMENT": null, "BrickSize": "Full", "Coordinate": "F,3", "Shape_Length": 1.8413368946602495, "Shape_Area": 0.17672838703788077}}, {"type": "Feature", "id": 62, "geometry": {"type": "Polygon", "coordinates": [[[-83.86806782024065, 34.23439962804436], [-83.86806646289138, 34.23440098432535], [-83.86806706546959, 34.234401567313355], [-83.86806842390439, 34.234400211034995], [-83.86806782024065, 34.23439962804436]]]}, "properties": {"OBJECTID": 62, "FNAME": null, "MNAME": null, "LNAME": null, "STATUS": null, "DEPARTMENT": null, "X": "4", "Y": "F", "CONCAT": null, "INFORMATION": null, "svcdatefromTXT": null, "svcdatetoTXT": null, "PLACEMENT": null, "BrickSize": "Full", "Coordinate": "F,4", "Shape_Length": 1.8431900299132928, "Shape_Area": 0.17703359276049685}}, {"type": "Feature", "id": 63, "geometry": {"type": "Polygon", "coordinates": [[[-83.86806635286939, 34.23440109314888], [-83.86806499661193, 34.23440244762937], [-83.86806560027567, 34.23440303062006], [-83.86806695653313, 34.23440167613957], [-83.86806635286939, 34.23440109314888]]]}, "properties": {"OBJECTID": 63, "FNAME": null, "MNAME": null, "LNAME": null, "STATUS": null, "DEPARTMENT": null, "X": "5", "Y": "F", "CONCAT": null, "INFORMATION": null, "svcdatefromTXT": null, "svcdatetoTXT": null, "PLACEMENT": null, "BrickSize": "Full", "Coordinate": "F,5", "Shape_Length": 1.8417659775658501, "Shape_Area": 0.1768904905137284}}, {"type": "Feature", "id": 64, "geometry": {"type": "Polygon", "coordinates": [[[-83.86806488549809, 34.234402558253436], [-83.8680635292406, 34.2344039127339], [-83.86806413290432, 34.23440449572458], [-83.86806548916182, 34.23440314124412], [-83.86806488549809, 34.234402558253436]]]}, "properties": {"OBJECTID": 64, "FNAME": null, "MNAME": null, "LNAME": null, "STATUS": null, "DEPARTMENT": null, "X": "6", "Y": "F", "CONCAT": null, "INFORMATION": null, "svcdatefromTXT": null, "svcdatetoTXT": null, "PLACEMENT": null, "BrickSize": "Full", "Coordinate": "F,6", "Shape_Length": 1.8417659775658501, "Shape_Area": 0.1768904905137284}}, {"type": "Feature", "id": 65, "geometry": {"type": "Polygon", "coordinates": [[[-83.86806342030413, 34.23440402156011], [-83.86806206186918, 34.23440537783841], [-83.86806266553292, 34.23440596082908], [-83.86806402288235, 34.234404604548125], [-83.86806342030413, 34.23440402156011]]]}, "properties": {"OBJECTID": 65, "FNAME": null, "MNAME": null, "LNAME": null, "STATUS": null, "DEPARTMENT": null, "X": "7", "Y": "F", "CONCAT": null, "INFORMATION": null, "svcdatefromTXT": null, "svcdatetoTXT": null, "PLACEMENT": null, "BrickSize": "Full", "Coordinate": "F,7", "Shape_Length": 1.8431900347245986, "Shape_Area": 0.17703359407620123}}, {"type": "Feature", "id": 66, "geometry": {"type": "Polygon", "coordinates": [[[-83.86806195511012, 34.23440548486672], [-83.86806059667511, 34.23440684114501], [-83.86806119925333, 34.234407424133074], [-83.86806255768832, 34.23440606785478], [-83.86806195511012, 34.23440548486672]]]}, "properties": {"OBJECTID": 66, "FNAME": null, "MNAME": null, "LNAME": null, "STATUS": null, "DEPARTMENT": null, "X": "8", "Y": "F", "CONCAT": null, "INFORMATION": null, "svcdatefromTXT": null, "svcdatetoTXT": null, "PLACEMENT": null, "BrickSize": "Full", "Coordinate": "F,8", "Shape_Length": 1.8431845300214662, "Shape_Area": 0.17698715061371406}}, {"type": "Feature", "id": 67, "geometry": {"type": "Polygon", "coordinates": [[[-83.86806048665314, 34.23440694996856], [-83.86805912930362, 34.23440830624948], [-83.86805973188183, 34.23440888923754], [-83.86806109031687, 34.234407532959274], [-83.86806048665314, 34.23440694996856]]]}, "properties": {"OBJECTID": 67, "FNAME": null, "MNAME": null, "LNAME": null, "STATUS": null, "DEPARTMENT": null, "X": "9", "Y": "F", "CONCAT": null, "INFORMATION": null, "svcdatefromTXT": null, "svcdatetoTXT": null, "PLACEMENT": null, "BrickSize": "Full", "Coordinate": "F,9", "Shape_Length": 1.843190041186904, "Shape_Area": 0.17703359580745556}}, {"type": "Feature", "id": 68, "geometry": {"type": "Polygon", "coordinates": [[[-83.86805901928163, 34.234408415073034], [-83.86805766302392, 34.23440976955343], [-83.86805826668765, 34.23441035254413], [-83.86805962294217, 34.23440899896531], [-83.86805901928163, 34.234408415073034]]]}, "properties": {"OBJECTID": 68, "FNAME": null, "MNAME": null, "LNAME": null, "STATUS": null, "DEPARTMENT": null, "X": "10", "Y": "F", "CONCAT": null, "INFORMATION": null, "svcdatefromTXT": null, "svcdatetoTXT": null, "PLACEMENT": null, "BrickSize": "Full", "Coordinate": "F,10", "Shape_Length": 1.841761337481508, "Shape_Area": 0.17692746169112009}}, {"type": "Feature", "id": 69, "geometry": {"type": "Polygon", "coordinates": [[[-83.86805755408744, 34.23440987837961], [-83.86805687541583, 34.23441055561849], [-83.86805747907957, 34.23441113860918], [-83.86805815666249, 34.234410462269246], [-83.86805755408744, 34.23440987837961]]]}, "properties": {"OBJECTID": 69, "FNAME": null, "MNAME": null, "LNAME": null, "STATUS": null, "DEPARTMENT": null, "X": "11", "Y": "F", "CONCAT": null, "INFORMATION": null, "svcdatefromTXT": null, "svcdatetoTXT": null, "PLACEMENT": null, "BrickSize": "Half", "Coordinate": "F,11", "Shape_Length": 1.2004767774822467, "Shape_Area": 0.08840821683637001}}, {"type": "Feature", "id": 70, "geometry": {"type": "Polygon", "coordinates": [[[-83.86807365325501, 34.23439518121842], [-83.86807229482353, 34.23439653659525], [-83.86807289631943, 34.23439711867902], [-83.86807425475406, 34.234395762400595], [-83.86807365325501, 34.23439518121842]]]}, "properties": {"OBJECTID": 70, "FNAME": null, "MNAME": null, "LNAME": null, "STATUS": null, "DEPARTMENT": null, "X": "0", "Y": "G", "CONCAT": null, "INFORMATION": null, "svcdatefromTXT": null, "svcdatetoTXT": null, "PLACEMENT": null, "BrickSize": "Full", "Coordinate": "G,0", "Shape_Length": 1.841757983262877, "Shape_Area": 0.17659356675262833}}, {"type": "Feature", "id": 71, "geometry": {"type": "Polygon", "coordinates": [[[-83.86807218588392, 34.23439664632302], [-83.8680708296298, 34.234397999901994], [-83.86807143112571, 34.234398581985786], [-83.868072787383, 34.234397227505234], [-83.86807218588392, 34.23439664632302]]]}, "properties": {"OBJECTID": 71, "FNAME": null, "MNAME": null, "LNAME": null, "STATUS": null, "DEPARTMENT": null, "X": "1", "Y": "G", "CONCAT": null, "INFORMATION": null, "svcdatefromTXT": null, "svcdatetoTXT": null, "PLACEMENT": null, "BrickSize": "Full", "Coordinate": "G,1", "Shape_Length": 1.8399103355845996, "Shape_Area": 0.1763353448889031}}, {"type": "Feature", "id": 72, "geometry": {"type": "Polygon", "coordinates": [[[-83.86807071960466, 34.23439810962712], [-83.86806936225862, 34.23439946500659], [-83.86806996375452, 34.23440004709038], [-83.86807132110374, 34.23439869080934], [-83.86807071960466, 34.23439810962712]]]}, "properties": {"OBJECTID": 72, "FNAME": null, "MNAME": null, "LNAME": null, "STATUS": null, "DEPARTMENT": null, "X": "2", "Y": "G", "CONCAT": null, "INFORMATION": null, "svcdatefromTXT": null, "svcdatetoTXT": null, "PLACEMENT": null, "BrickSize": "Full", "Coordinate": "G,2", "Shape_Length": 1.8413398612544887, "Shape_Area": 0.17652430415405637}}, {"type": "Feature", "id": 73, "geometry": {"type": "Polygon", "coordinates": [[[-83.86806925223348, 34.23439957473172], [-83.8680678948874, 34.23440093011115], [-83.86806849529779, 34.2344015121923], [-83.86806985373256, 34.234400155913924], [-83.86806925223348, 34.23439957473172]]]}, "properties": {"OBJECTID": 73, "FNAME": null, "MNAME": null, "LNAME": null, "STATUS": null, "DEPARTMENT": null, "X": "3", "Y": "G", "CONCAT": null, "INFORMATION": null, "svcdatefromTXT": null, "svcdatetoTXT": null, "PLACEMENT": null, "BrickSize": "Full", "Coordinate": "G,3", "Shape_Length": 1.841334584768933, "Shape_Area": 0.17647780162188034}}, {"type": "Feature", "id": 74, "geometry": {"type": "Polygon", "coordinates": [[[-83.86806778703965, 34.23440103803841], [-83.868066428608, 34.23440239341521], [-83.86806703010389, 34.234402975499016], [-83.86806838853873, 34.23440161922065], [-83.86806778703965, 34.23440103803841]]]}, "properties": {"OBJECTID": 74, "FNAME": null, "MNAME": null, "LNAME": null, "STATUS": null, "DEPARTMENT": null, "X": "4", "Y": "G", "CONCAT": null, "INFORMATION": null, "svcdatefromTXT": null, "svcdatetoTXT": null, "PLACEMENT": null, "BrickSize": "Full", "Coordinate": "G,4", "Shape_Length": 1.84175799464013, "Shape_Area": 0.17659356895626513}}, {"type": "Feature", "id": 75, "geometry": {"type": "Polygon", "coordinates": [[[-83.86806631966836, 34.23440250314299], [-83.86806496341406, 34.23440385672187], [-83.86806556490997, 34.234404438805704], [-83.86806692116745, 34.23440308432522], [-83.86806631966836, 34.23440250314299]]]}, "properties": {"OBJECTID": 75, "FNAME": null, "MNAME": null, "LNAME": null, "STATUS": null, "DEPARTMENT": null, "X": "5", "Y": "G", "CONCAT": null, "INFORMATION": null, "svcdatefromTXT": null, "svcdatetoTXT": null, "PLACEMENT": null, "BrickSize": "Full", "Coordinate": "G,5", "Shape_Length": 1.839910335483304, "Shape_Area": 0.1763353457310028}}, {"type": "Feature", "id": 76, "geometry": {"type": "Polygon", "coordinates": [[[-83.8680648533889, 34.23440396644702], [-83.8680634960427, 34.2344053218264], [-83.86806409753858, 34.23440590391021], [-83.86806545488797, 34.23440454762924], [-83.8680648533889, 34.23440396644702]]]}, "properties": {"OBJECTID": 76, "FNAME": null, "MNAME": null, "LNAME": null, "STATUS": null, "DEPARTMENT": null, "X": "6", "Y": "G", "CONCAT": null, "INFORMATION": null, "svcdatefromTXT": null, "svcdatetoTXT": null, "PLACEMENT": null, "BrickSize": "Full", "Coordinate": "G,6", "Shape_Length": 1.841339845005494, "Shape_Area": 0.17652430010916675}}, {"type": "Feature", "id": 77, "geometry": {"type": "Polygon", "coordinates": [[[-83.86806338601752, 34.234405431551515], [-83.86806202976312, 34.234406785130396], [-83.86806263125902, 34.23440736721422], [-83.86806398751341, 34.23440601363534], [-83.86806338601752, 34.234405431551515]]]}, "properties": {"OBJECTID": 77, "FNAME": null, "MNAME": null, "LNAME": null, "STATUS": null, "DEPARTMENT": null, "X": "7", "Y": "G", "CONCAT": null, "INFORMATION": null, "svcdatefromTXT": null, "svcdatetoTXT": null, "PLACEMENT": null, "BrickSize": "Full", "Coordinate": "G,7", "Shape_Length": 1.8399057586124252, "Shape_Area": 0.17637242590689609}}, {"type": "Feature", "id": 78, "geometry": {"type": "Polygon", "coordinates": [[[-83.86806192082346, 34.23440689485816], [-83.86806056239165, 34.234408250234864], [-83.86806116388755, 34.23440883231872], [-83.86806252231938, 34.23440747694199], [-83.86806192082346, 34.23440689485816]]]}, "properties": {"OBJECTID": 78, "FNAME": null, "MNAME": null, "LNAME": null, "STATUS": null, "DEPARTMENT": null, "X": "8", "Y": "G", "CONCAT": null, "INFORMATION": null, "svcdatefromTXT": null, "svcdatetoTXT": null, "PLACEMENT": null, "BrickSize": "Full", "Coordinate": "G,8", "Shape_Length": 1.8417534461305554, "Shape_Area": 0.17663075898375957}}, {"type": "Feature", "id": 79, "geometry": {"type": "Polygon", "coordinates": [[[-83.86806045345199, 34.23440835996264], [-83.8680590971975, 34.23440971354147], [-83.86805969869341, 34.23441029562531], [-83.86806105494789, 34.234408942046485], [-83.86806045345199, 34.23440835996264]]]}, "properties": {"OBJECTID": 79, "FNAME": null, "MNAME": null, "LNAME": null, "STATUS": null, "DEPARTMENT": null, "X": "9", "Y": "G", "CONCAT": null, "INFORMATION": null, "svcdatefromTXT": null, "svcdatetoTXT": null, "PLACEMENT": null, "BrickSize": "Full", "Coordinate": "G,9", "Shape_Length": 1.8399057471307172, "Shape_Area": 0.17637242454780339}}, {"type": "Feature", "id": 80, "geometry": {"type": "Polygon", "coordinates": [[[-83.86805898717233, 34.23440982326659], [-83.86805762982591, 34.23441117864592], [-83.86805823132183, 34.23441176072977], [-83.86805958866825, 34.23441040535042], [-83.86805898717233, 34.23440982326659]]]}, "properties": {"OBJECTID": 80, "FNAME": null, "MNAME": null, "LNAME": null, "STATUS": null, "DEPARTMENT": null, "X": "10", "Y": "G", "CONCAT": null, "INFORMATION": null, "svcdatefromTXT": null, "svcdatetoTXT": null, "PLACEMENT": null, "BrickSize": "Full", "Coordinate": "G,10", "Shape_Length": 1.8413352304177226, "Shape_Area": 0.17656143899053162}}, {"type": "Feature", "id": 81, "geometry": {"type": "Polygon", "coordinates": [[[-83.86807435103378, 34.23439585639964], [-83.86807367344792, 34.23439653364122], [-83.86807427494384, 34.234397115724995], [-83.8680749525297, 34.2343964384834], [-83.86807435103378, 34.23439585639964]]]}, "properties": {"OBJECTID": 81, "FNAME": null, "MNAME": null, "LNAME": null, "STATUS": null, "DEPARTMENT": null, "X": "0", "Y": "H", "CONCAT": null, "INFORMATION": null, "svcdatefromTXT": null, "svcdatetoTXT": null, "PLACEMENT": null, "BrickSize": "Half", "Coordinate": "H,0", "Shape_Length": 1.1991321996232172, "Shape_Area": 0.08818147584352451}}, {"type": "Feature", "id": 82, "geometry": {"type": "Polygon", "coordinates": [[[-83.86807361788941, 34.23439658940405], [-83.86807225945795, 34.234397944780895], [-83.86807286095384, 34.234398526864666], [-83.8680742193885, 34.23439717058625], [-83.86807361788941, 34.23439658940405]]]}, "properties": {"OBJECTID": 82, "FNAME": null, "MNAME": null, "LNAME": null, "STATUS": null, "DEPARTMENT": null, "X": "1", "Y": "H", "CONCAT": null, "INFORMATION": null, "svcdatefromTXT": null, "svcdatetoTXT": null, "PLACEMENT": null, "BrickSize": "Full", "Coordinate": "H,1", "Shape_Length": 1.841757994700603, "Shape_Area": 0.17659356948425797}}, {"type": "Feature", "id": 83, "geometry": {"type": "Polygon", "coordinates": [[[-83.86807215161019, 34.23439805270817], [-83.86807079426418, 34.23439940808763], [-83.86807139576008, 34.23439999017143], [-83.86807275310927, 34.234398633890365], [-83.86807215161019, 34.23439805270817]]]}, "properties": {"OBJECTID": 83, "FNAME": null, "MNAME": null, "LNAME": null, "STATUS": null, "DEPARTMENT": null, "X": "2", "Y": "H", "CONCAT": null, "INFORMATION": null, "svcdatefromTXT": null, "svcdatetoTXT": null, "PLACEMENT": null, "BrickSize": "Full", "Coordinate": "H,2", "Shape_Length": 1.8413398612597796, "Shape_Area": 0.17652430415405637}}, {"type": "Feature", "id": 84, "geometry": {"type": "Polygon", "coordinates": [[[-83.86807068423904, 34.23439951781278], [-83.86806932798487, 34.234400871391735], [-83.86806992948077, 34.23440145347551], [-83.86807128573813, 34.23440009899498], [-83.86807068423904, 34.23439951781278]]]}, "properties": {"OBJECTID": 84, "FNAME": null, "MNAME": null, "LNAME": null, "STATUS": null, "DEPARTMENT": null, "X": "3", "Y": "H", "CONCAT": null, "INFORMATION": null, "svcdatefromTXT": null, "svcdatetoTXT": null, "PLACEMENT": null, "BrickSize": "Full", "Coordinate": "H,3", "Shape_Length": 1.8399103193976947, "Shape_Area": 0.17633534137445073}}, {"type": "Feature", "id": 85, "geometry": {"type": "Polygon", "coordinates": [[[-83.86806921904522, 34.2344009811195], [-83.86806786061359, 34.23440233649631], [-83.8680684621095, 34.234402918580095], [-83.86806982054432, 34.234401562301734], [-83.86806921904522, 34.2344009811195]]]}, "properties": {"OBJECTID": 85, "FNAME": null, "MNAME": null, "LNAME": null, "STATUS": null, "DEPARTMENT": null, "X": "4", "Y": "H", "CONCAT": null, "INFORMATION": null, "svcdatefromTXT": null, "svcdatetoTXT": null, "PLACEMENT": null, "BrickSize": "Full", "Coordinate": "H,4", "Shape_Length": 1.8417579994495274, "Shape_Area": 0.17659357027074732}}, {"type": "Feature", "id": 86, "geometry": {"type": "Polygon", "coordinates": [[[-83.86806775167398, 34.234402446224074], [-83.8680663954197, 34.23440379980298], [-83.86806699691559, 34.23440438188679], [-83.86806835317304, 34.23440302740629], [-83.86806775167398, 34.234402446224074]]]}, "properties": {"OBJECTID": 86, "FNAME": null, "MNAME": null, "LNAME": null, "STATUS": null, "DEPARTMENT": null, "X": "5", "Y": "H", "CONCAT": null, "INFORMATION": null, "svcdatefromTXT": null, "svcdatetoTXT": null, "PLACEMENT": null, "BrickSize": "Full", "Coordinate": "H,5", "Shape_Length": 1.8399103193368296, "Shape_Area": 0.1763353408476801}}, {"type": "Feature", "id": 87, "geometry": {"type": "Polygon", "coordinates": [[[-83.86806628430266, 34.23440391132863], [-83.86806492804833, 34.234405264907515], [-83.86806552954424, 34.23440584699133], [-83.86806688579856, 34.23440449341243], [-83.86806628430266, 34.23440391132863]]]}, "properties": {"OBJECTID": 87, "FNAME": null, "MNAME": null, "LNAME": null, "STATUS": null, "DEPARTMENT": null, "X": "6", "Y": "H", "CONCAT": null, "INFORMATION": null, "svcdatefromTXT": null, "svcdatetoTXT": null, "PLACEMENT": null, "BrickSize": "Full", "Coordinate": "H,6", "Shape_Length": 1.8399057471307172, "Shape_Area": 0.17637242454780339}}, {"type": "Feature", "id": 88, "geometry": {"type": "Polygon", "coordinates": [[[-83.86806481802317, 34.234405374632644], [-83.86806346067694, 34.23440673001203], [-83.86806406108731, 34.23440731209321], [-83.86806541951908, 34.23440595671646], [-83.86806481802317, 34.234405374632644]]]}, "properties": {"OBJECTID": 88, "FNAME": null, "MNAME": null, "LNAME": null, "STATUS": null, "DEPARTMENT": null, "X": "7", "Y": "H", "CONCAT": null, "INFORMATION": null, "svcdatefromTXT": null, "svcdatetoTXT": null, "PLACEMENT": null, "BrickSize": "Full", "Coordinate": "H,7", "Shape_Length": 1.8413300476783618, "Shape_Area": 0.17651499247986352}}, {"type": "Feature", "id": 89, "geometry": {"type": "Polygon", "coordinates": [[[-83.86806335282915, 34.234406837939304], [-83.86806199439737, 34.23440819331602], [-83.86806259589326, 34.23440877539984], [-83.86806395432507, 34.234407420023125], [-83.86806335282915, 34.234406837939304]]]}, "properties": {"OBJECTID": 89, "FNAME": null, "MNAME": null, "LNAME": null, "STATUS": null, "DEPARTMENT": null, "X": "8", "Y": "H", "CONCAT": null, "INFORMATION": null, "svcdatefromTXT": null, "svcdatetoTXT": null, "PLACEMENT": null, "BrickSize": "Full", "Coordinate": "H,8", "Shape_Length": 1.8417534347507893, "Shape_Area": 0.17663075678012277}}, {"type": "Feature", "id": 90, "geometry": {"type": "Polygon", "coordinates": [[[-83.8680618854577, 34.23440830304379], [-83.86806052702585, 34.23440965842051], [-83.86806112852176, 34.23441024050434], [-83.86806248695362, 34.23440888512764], [-83.8680618854577, 34.23440830304379]]]}, "properties": {"OBJECTID": 90, "FNAME": null, "MNAME": null, "LNAME": null, "STATUS": null, "DEPARTMENT": null, "X": "9", "Y": "H", "CONCAT": null, "INFORMATION": null, "svcdatefromTXT": null, "svcdatetoTXT": null, "PLACEMENT": null, "BrickSize": "Full", "Coordinate": "H,9", "Shape_Length": 1.8417534460710177, "Shape_Area": 0.17663075845637782}}, {"type": "Feature", "id": 91, "geometry": {"type": "Polygon", "coordinates": [[[-83.86806041808619, 34.23440976814828], [-83.86805906183169, 34.23441112172713], [-83.86805966332759, 34.234411703810956], [-83.8680610195821, 34.2344103502321], [-83.86806041808619, 34.23440976814828]]]}, "properties": {"OBJECTID": 91, "FNAME": null, "MNAME": null, "LNAME": null, "STATUS": null, "DEPARTMENT": null, "X": "10", "Y": "H", "CONCAT": null, "INFORMATION": null, "svcdatefromTXT": null, "svcdatetoTXT": null, "PLACEMENT": null, "BrickSize": "Full", "Coordinate": "H,10", "Shape_Length": 1.8399057537434897, "Shape_Area": 0.17637242406747655}}, {"type": "Feature", "id": 92, "geometry": {"type": "Polygon", "coordinates": [[[-83.8680589518065, 34.234411231452235], [-83.8680582742204, 34.23441190869375], [-83.86805887571948, 34.234412489876036], [-83.8680595533024, 34.23441181353608], [-83.8680589518065, 34.234411231452235]]]}, "properties": {"OBJECTID": 92, "FNAME": null, "MNAME": null, "LNAME": null, "STATUS": null, "DEPARTMENT": null, "X": "11", "Y": "H", "CONCAT": null, "INFORMATION": null, "svcdatefromTXT": null, "svcdatetoTXT": null, "PLACEMENT": null, "BrickSize": "Half", "Coordinate": "H,11", "Shape_Length": 1.1986310696604798, "Shape_Area": 0.08811807667472248}}, {"type": "Feature", "id": 93, "geometry": {"type": "Polygon", "coordinates": [[[-83.86807504989493, 34.23439653248505], [-83.86807369146347, 34.23439788786192], [-83.86807429295936, 34.23439846994569], [-83.86807565139402, 34.23439711366724], [-83.86807504989493, 34.23439653248505]]]}, "properties": {"OBJECTID": 93, "FNAME": null, "MNAME": null, "LNAME": null, "STATUS": null, "DEPARTMENT": null, "X": "0", "Y": "I", "CONCAT": null, "INFORMATION": null, "svcdatefromTXT": null, "svcdatetoTXT": null, "PLACEMENT": null, "BrickSize": "Full", "Coordinate": "I,0", "Shape_Length": 1.84175799464013, "Shape_Area": 0.17659356895626513}}, {"type": "Feature", "id": 94, "geometry": {"type": "Polygon", "coordinates": [[[-83.86807358252385, 34.234397997589696], [-83.86807222626973, 34.23439935116867], [-83.86807282776563, 34.23439993325245], [-83.86807418293742, 34.23439857876924], [-83.86807358252385, 34.234397997589696]]]}, "properties": {"OBJECTID": 94, "FNAME": null, "MNAME": null, "LNAME": null, "STATUS": null, "DEPARTMENT": null, "X": "1", "Y": "I", "CONCAT": null, "INFORMATION": null, "svcdatefromTXT": null, "svcdatetoTXT": null, "PLACEMENT": null, "BrickSize": "Full", "Coordinate": "I,1", "Shape_Length": 1.8394868469127208, "Shape_Area": 0.17621968335511878}}, {"type": "Feature", "id": 95, "geometry": {"type": "Polygon", "coordinates": [[[-83.86807211624458, 34.234399460893805], [-83.86807075889854, 34.234400816273286], [-83.86807135930896, 34.234401398354414], [-83.86807271774369, 34.23440004207602], [-83.86807211624458, 34.234399460893805]]]}, "properties": {"OBJECTID": 95, "FNAME": null, "MNAME": null, "LNAME": null, "STATUS": null, "DEPARTMENT": null, "X": "2", "Y": "I", "CONCAT": null, "INFORMATION": null, "svcdatefromTXT": null, "svcdatetoTXT": null, "PLACEMENT": null, "BrickSize": "Full", "Coordinate": "I,2", "Shape_Length": 1.8413345962047867, "Shape_Area": 0.17647780435228777}}, {"type": "Feature", "id": 96, "geometry": {"type": "Polygon", "coordinates": [[[-83.86807064887341, 34.23440092599841], [-83.86806929152732, 34.23440228137789], [-83.86806989193774, 34.234402863459025], [-83.86807125037251, 34.234401507180635], [-83.86807064887341, 34.23440092599841]]]}, "properties": {"OBJECTID": 96, "FNAME": null, "MNAME": null, "LNAME": null, "STATUS": null, "DEPARTMENT": null, "X": "3", "Y": "I", "CONCAT": null, "INFORMATION": null, "svcdatefromTXT": null, "svcdatetoTXT": null, "PLACEMENT": null, "BrickSize": "Full", "Coordinate": "I,3", "Shape_Length": 1.8413345962047867, "Shape_Area": 0.17647780435228777}}, {"type": "Feature", "id": 97, "geometry": {"type": "Polygon", "coordinates": [[[-83.86806918367957, 34.23440238930515], [-83.86806782524793, 34.23440374468194], [-83.86806842674385, 34.234404326765734], [-83.86806978517548, 34.23440297138894], [-83.86806918367957, 34.23440238930515]]]}, "properties": {"OBJECTID": 97, "FNAME": null, "MNAME": null, "LNAME": null, "STATUS": null, "DEPARTMENT": null, "X": "4", "Y": "I", "CONCAT": null, "INFORMATION": null, "svcdatefromTXT": null, "svcdatetoTXT": null, "PLACEMENT": null, "BrickSize": "Full", "Coordinate": "I,4", "Shape_Length": 1.8417534347507893, "Shape_Area": 0.17663075678012277}}, {"type": "Feature", "id": 98, "geometry": {"type": "Polygon", "coordinates": [[[-83.86806771630827, 34.23440385440969], [-83.86806636005399, 34.23440520798864], [-83.86806696154991, 34.23440579007243], [-83.86806831780422, 34.23440443649352], [-83.86806771630827, 34.23440385440969]]]}, "properties": {"OBJECTID": 98, "FNAME": "RICHARD", "MNAME": "", "LNAME": "OATES", "STATUS": null, "DEPARTMENT": null, "X": "5", "Y": "I", "CONCAT": "RICHARD OATES", "INFORMATION": null, "svcdatefromTXT": "1982", "svcdatetoTXT": "2020", "PLACEMENT": null, "BrickSize": "Full", "Coordinate": "I,5", "Shape_Length": 1.8399057585111296, "Shape_Area": 0.17637242674899578}}, {"type": "Feature", "id": 99, "geometry": {"type": "Polygon", "coordinates": [[[-83.86806625002883, 34.23440531771376], [-83.86806489268261, 34.23440667309317], [-83.868065493093, 34.23440725517433], [-83.86806685152474, 34.23440589979757], [-83.86806625002883, 34.23440531771376]]]}, "properties": {"OBJECTID": 99, "FNAME": null, "MNAME": null, "LNAME": null, "STATUS": null, "DEPARTMENT": null, "X": "6", "Y": "I", "CONCAT": null, "INFORMATION": null, "svcdatefromTXT": null, "svcdatetoTXT": null, "PLACEMENT": null, "BrickSize": "Full", "Coordinate": "I,6", "Shape_Length": 1.8413300476783618, "Shape_Area": 0.17651499247986352}}, {"type": "Feature", "id": 100, "geometry": {"type": "Polygon", "coordinates": [[[-83.86806478265746, 34.2344067828183], [-83.86806342640305, 34.23440813639717], [-83.86806402789897, 34.23440871848099], [-83.86806538415335, 34.23440736490211], [-83.86806478265746, 34.2344067828183]]]}, "properties": {"OBJECTID": 100, "FNAME": null, "MNAME": null, "LNAME": null, "STATUS": null, "DEPARTMENT": null, "X": "7", "Y": "I", "CONCAT": null, "INFORMATION": null, "svcdatefromTXT": null, "svcdatetoTXT": null, "PLACEMENT": null, "BrickSize": "Full", "Coordinate": "I,7", "Shape_Length": 1.8399057422617817, "Shape_Area": 0.17637242270838388}}, {"type": "Feature", "id": 101, "geometry": {"type": "Polygon", "coordinates": [[[-83.86806331746341, 34.23440824612493], [-83.86806195902838, 34.234409602403225], [-83.86806256052749, 34.23441018358549], [-83.86806391895932, 34.23440882820875], [-83.86806331746341, 34.23440824612493]]]}, "properties": {"OBJECTID": 101, "FNAME": null, "MNAME": null, "LNAME": null, "STATUS": null, "DEPARTMENT": null, "X": "8", "Y": "I", "CONCAT": null, "INFORMATION": null, "svcdatefromTXT": null, "svcdatetoTXT": null, "PLACEMENT": null, "BrickSize": "Full", "Coordinate": "I,8", "Shape_Length": 1.8417579946401301, "Shape_Area": 0.17659356895626513}}, {"type": "Feature", "id": 102, "geometry": {"type": "Polygon", "coordinates": [[[-83.86806185009192, 34.23440971122944], [-83.86806049383424, 34.23441106570986], [-83.86806109533335, 34.234411646892134], [-83.86806245158783, 34.23441029331326], [-83.86806185009192, 34.23440971122944]]]}, "properties": {"OBJECTID": 102, "FNAME": null, "MNAME": null, "LNAME": null, "STATUS": null, "DEPARTMENT": null, "X": "9", "Y": "I", "CONCAT": null, "INFORMATION": null, "svcdatefromTXT": null, "svcdatetoTXT": null, "PLACEMENT": null, "BrickSize": "Full", "Coordinate": "I,9", "Shape_Length": 1.8399103355845996, "Shape_Area": 0.1763353448889031}}, {"type": "Feature", "id": 103, "geometry": {"type": "Polygon", "coordinates": [[[-83.86806038381225, 34.23441117453342], [-83.86805902646267, 34.23441253081432], [-83.86805962796177, 34.23441311199658], [-83.86806098530818, 34.23441175661725], [-83.86806038381225, 34.23441117453342]]]}, "properties": {"OBJECTID": 103, "FNAME": null, "MNAME": null, "LNAME": null, "STATUS": null, "DEPARTMENT": null, "X": "10", "Y": "I", "CONCAT": null, "INFORMATION": null, "svcdatefromTXT": null, "svcdatetoTXT": null, "PLACEMENT": null, "BrickSize": "Full", "Coordinate": "I,10", "Shape_Length": 1.8413398498765965, "Shape_Area": 0.1765243019516418}}, {"type": "Feature", "id": 104, "geometry": {"type": "Polygon", "coordinates": [[[-83.86807574767373, 34.23439720766627], [-83.86807507008785, 34.23439788490789], [-83.86807567266611, 34.23439846789586], [-83.8680763502488, 34.23439779155581], [-83.86807574767373, 34.23439720766627]]]}, "properties": {"OBJECTID": 104, "FNAME": null, "MNAME": null, "LNAME": null, "STATUS": null, "DEPARTMENT": null, "X": "0", "Y": "J", "CONCAT": null, "INFORMATION": null, "svcdatefromTXT": null, "svcdatetoTXT": null, "PLACEMENT": null, "BrickSize": "Half", "Coordinate": "J,0", "Shape_Length": 1.2000531952202618, "Shape_Area": 0.08833297757397282}}, {"type": "Feature", "id": 105, "geometry": {"type": "Polygon", "coordinates": [[[-83.86807501452935, 34.234397940670696], [-83.86807365609789, 34.234399296047556], [-83.86807425867295, 34.234399879937136], [-83.8680756171076, 34.234398523658676], [-83.86807501452935, 34.234397940670696]]]}, "properties": {"OBJECTID": 105, "FNAME": null, "MNAME": null, "LNAME": null, "STATUS": null, "DEPARTMENT": null, "X": "1", "Y": "J", "CONCAT": null, "INFORMATION": null, "svcdatefromTXT": null, "svcdatetoTXT": null, "PLACEMENT": null, "BrickSize": "Full", "Coordinate": "J,1", "Shape_Length": 1.8431801153512488, "Shape_Area": 0.17702428466186665}}, {"type": "Feature", "id": 106, "geometry": {"type": "Polygon", "coordinates": [[[-83.86807354825014, 34.23439940397483], [-83.86807219090413, 34.23440075935432], [-83.8680727934792, 34.23440134324388], [-83.8680741519139, 34.234399986965464], [-83.86807354825014, 34.23439940397483]]]}, "properties": {"OBJECTID": 106, "FNAME": null, "MNAME": null, "LNAME": null, "STATUS": null, "DEPARTMENT": null, "X": "2", "Y": "J", "CONCAT": null, "INFORMATION": null, "svcdatefromTXT": null, "svcdatetoTXT": null, "PLACEMENT": null, "BrickSize": "Full", "Coordinate": "J,2", "Shape_Length": 1.8431855488920315, "Shape_Area": 0.17707067682544855}}, {"type": "Feature", "id": 107, "geometry": {"type": "Polygon", "coordinates": [[[-83.86807208087899, 34.23440086907946], [-83.8680707246248, 34.23440222265841], [-83.86807132719987, 34.234402806548005], [-83.86807268345724, 34.234401452067466], [-83.86807208087899, 34.23440086907946]]]}, "properties": {"OBJECTID": 107, "FNAME": null, "MNAME": null, "LNAME": null, "STATUS": null, "DEPARTMENT": null, "X": "3", "Y": "J", "CONCAT": null, "INFORMATION": null, "svcdatefromTXT": null, "svcdatetoTXT": null, "PLACEMENT": null, "BrickSize": "Full", "Coordinate": "J,3", "Shape_Length": 1.8413324561318118, "Shape_Area": 0.17676541507826898}}, {"type": "Feature", "id": 108, "geometry": {"type": "Polygon", "coordinates": [[[-83.86807061568516, 34.23440233238621], [-83.86806925725355, 34.234403687763006], [-83.86806985982864, 34.23440427165258], [-83.86807121826342, 34.2344029153742], [-83.86807061568516, 34.23440233238621]]]}, "properties": {"OBJECTID": 108, "FNAME": "DOUGLAS", "MNAME": "", "LNAME": "YOUNG", "STATUS": null, "DEPARTMENT": null, "X": "4", "Y": "J", "CONCAT": "DOUGLAS YOUNG", "INFORMATION": null, "svcdatefromTXT": "1999", "svcdatetoTXT": "2021", "PLACEMENT": null, "BrickSize": "Full", "Coordinate": "J,4", "Shape_Length": 1.8431801039667972, "Shape_Area": 0.17702428245700763}}, {"type": "Feature", "id": 109, "geometry": {"type": "Polygon", "coordinates": [[[-83.86806914831392, 34.23440379749078], [-83.86806779205965, 34.23440515106972], [-83.86806839463472, 34.23440573495932], [-83.86806975089216, 34.23440438047879], [-83.86806914831392, 34.23440379749078]]]}, "properties": {"OBJECTID": 109, "FNAME": "MATIAS", "MNAME": "", "LNAME": "MINAMBRES", "STATUS": null, "DEPARTMENT": null, "X": "5", "Y": "J", "CONCAT": "MATIAS MINAMBRES", "INFORMATION": null, "svcdatefromTXT": "2007", "svcdatetoTXT": "2020", "PLACEMENT": null, "BrickSize": "Full", "Coordinate": "J,5", "Shape_Length": 1.8413324562299687, "Shape_Area": 0.1767654142373915}}, {"type": "Feature", "id": 110, "geometry": {"type": "Polygon", "coordinates": [[[-83.8680676809426, 34.23440526259535], [-83.86806632468827, 34.23440661617427], [-83.86806692726336, 34.23440720006388], [-83.86806828352086, 34.23440584558338], [-83.8680676809426, 34.23440526259535]]]}, "properties": {"OBJECTID": 110, "FNAME": "RAY-LYNN", "MNAME": "", "LNAME": "SNOWDEN", "STATUS": null, "DEPARTMENT": null, "X": "6", "Y": "J", "CONCAT": "RAY-LYNN SNOWDEN", "INFORMATION": null, "svcdatefromTXT": "1999", "svcdatetoTXT": "2019", "PLACEMENT": null, "BrickSize": "Full", "Coordinate": "J,6", "Shape_Length": 1.8413324561318118, "Shape_Area": 0.17676541507826898}}, {"type": "Feature", "id": 111, "geometry": {"type": "Polygon", "coordinates": [[[-83.86806621466312, 34.23440672589941], [-83.8680648573137, 34.23440808218039], [-83.86806545989195, 34.23440866516839], [-83.86806681724137, 34.23440730888741], [-83.86806621466312, 34.23440672589941]]]}, "properties": {"OBJECTID": 111, "FNAME": "CAROLYN", "MNAME": "", "LNAME": "SWINDLE", "STATUS": null, "DEPARTMENT": null, "X": "7", "Y": "J", "CONCAT": "CAROLYN SWINDLE", "INFORMATION": null, "svcdatefromTXT": "1999", "svcdatetoTXT": "2021", "PLACEMENT": null, "BrickSize": "Full", "Coordinate": "J,7", "Shape_Length": 1.8427664629167957, "Shape_Area": 0.17691771999156214}}, {"type": "Feature", "id": 112, "geometry": {"type": "Polygon", "coordinates": [[[-83.8680647494691, 34.234408189206064], [-83.86806339103413, 34.234409545484375], [-83.86806399361238, 34.23441012847242], [-83.86806535204737, 34.2344087721941], [-83.8680647494691, 34.234408189206064]]]}, "properties": {"OBJECTID": 112, "FNAME": null, "MNAME": null, "LNAME": null, "STATUS": null, "DEPARTMENT": null, "X": "8", "Y": "J", "CONCAT": null, "INFORMATION": null, "svcdatefromTXT": null, "svcdatetoTXT": null, "PLACEMENT": null, "BrickSize": "Full", "Coordinate": "J,8", "Shape_Length": 1.843184525273477, "Shape_Area": 0.17698714982539143}}, {"type": "Feature", "id": 113, "geometry": {"type": "Polygon", "coordinates": [[[-83.86806328209764, 34.23440965431058], [-83.86806192366261, 34.23441101058888], [-83.86806252624088, 34.23441159357693], [-83.8680638846759, 34.23441023729862], [-83.86806328209764, 34.23440965431058]]]}, "properties": {"OBJECTID": 113, "FNAME": null, "MNAME": null, "LNAME": null, "STATUS": null, "DEPARTMENT": null, "X": "9", "Y": "J", "CONCAT": null, "INFORMATION": null, "svcdatefromTXT": null, "svcdatetoTXT": null, "PLACEMENT": null, "BrickSize": "Full", "Coordinate": "J,9", "Shape_Length": 1.843184525273477, "Shape_Area": 0.17698714982539143}}, {"type": "Feature", "id": 114, "geometry": {"type": "Polygon", "coordinates": [[[-83.86806181472613, 34.23441111941508], [-83.86806045846845, 34.2344124738955], [-83.8680610610467, 34.23441305688355], [-83.86806241730439, 34.23441170240311], [-83.86806181472613, 34.23441111941508]]]}, "properties": {"OBJECTID": 114, "FNAME": null, "MNAME": null, "LNAME": null, "STATUS": null, "DEPARTMENT": null, "X": "10", "Y": "J", "CONCAT": null, "INFORMATION": null, "svcdatefromTXT": null, "svcdatetoTXT": null, "PLACEMENT": null, "BrickSize": "Full", "Coordinate": "J,10", "Shape_Length": 1.841336883382315, "Shape_Area": 0.17672838399458868}}, {"type": "Feature", "id": 115, "geometry": {"type": "Polygon", "coordinates": [[[-83.86806034844646, 34.23441258271904], [-83.86805967086035, 34.234413259960576], [-83.86806027343862, 34.23441384294862], [-83.86806095211023, 34.234413165709746], [-83.86806034844646, 34.23441258271904]]]}, "properties": {"OBJECTID": 115, "FNAME": null, "MNAME": null, "LNAME": null, "STATUS": null, "DEPARTMENT": null, "X": "11", "Y": "J", "CONCAT": null, "INFORMATION": null, "svcdatefromTXT": null, "svcdatetoTXT": null, "PLACEMENT": null, "BrickSize": "Half", "Coordinate": "J,11", "Shape_Length": 1.200481264291911, "Shape_Area": 0.08840471862707927}}, {"type": "Feature", "id": 116, "geometry": {"type": "Polygon", "coordinates": [[[-83.86807644761403, 34.23439788555749], [-83.86807509026809, 34.23439924093698], [-83.86807569067851, 34.234399823018116], [-83.86807704911315, 34.234398466739655], [-83.86807644761403, 34.23439788555749]]]}, "properties": {"OBJECTID": 116, "FNAME": null, "MNAME": null, "LNAME": null, "STATUS": null, "DEPARTMENT": null, "X": "0", "Y": "K", "CONCAT": null, "INFORMATION": null, "svcdatefromTXT": null, "svcdatetoTXT": null, "PLACEMENT": null, "BrickSize": "Full", "Coordinate": "K,0", "Shape_Length": 1.8413345848268947, "Shape_Area": 0.1764778021498732}}, {"type": "Feature", "id": 117, "geometry": {"type": "Polygon", "coordinates": [[[-83.86807498024295, 34.23439935066213], [-83.86807362398883, 34.23440070424113], [-83.86807422548478, 34.234401286324896], [-83.86807558174208, 34.23439993184434], [-83.86807498024295, 34.23439935066213]]]}, "properties": {"OBJECTID": 117, "FNAME": null, "MNAME": null, "LNAME": null, "STATUS": null, "DEPARTMENT": null, "X": "1", "Y": "K", "CONCAT": null, "INFORMATION": null, "svcdatefromTXT": null, "svcdatetoTXT": null, "PLACEMENT": null, "BrickSize": "Full", "Coordinate": "K,1", "Shape_Length": 1.8399103355845996, "Shape_Area": 0.1763353448889031}}, {"type": "Feature", "id": 118, "geometry": {"type": "Polygon", "coordinates": [[[-83.86807351504922, 34.23440081396892], [-83.86807215661767, 34.23440216934576], [-83.8680727581136, 34.234402751429535], [-83.86807411546283, 34.23440139514848], [-83.86807351504922, 34.23440081396892]]]}, "properties": {"OBJECTID": 118, "FNAME": null, "MNAME": null, "LNAME": null, "STATUS": null, "DEPARTMENT": null, "X": "2", "Y": "K", "CONCAT": null, "INFORMATION": null, "svcdatefromTXT": null, "svcdatetoTXT": null, "PLACEMENT": null, "BrickSize": "Full", "Coordinate": "K,2", "Shape_Length": 1.8413344876142475, "Shape_Area": 0.17647780382429493}}, {"type": "Feature", "id": 119, "geometry": {"type": "Polygon", "coordinates": [[[-83.86807204767804, 34.23440227907354], [-83.86807068924642, 34.23440363445035], [-83.86807129074236, 34.23440421653414], [-83.86807264809164, 34.23440286025309], [-83.86807204767804, 34.23440227907354]]]}, "properties": {"OBJECTID": 119, "FNAME": "ROBIN", "MNAME": "", "LNAME": "BRIGHT", "STATUS": null, "DEPARTMENT": null, "X": "3", "Y": "K", "CONCAT": "ROBIN BRIGHT", "INFORMATION": null, "svcdatefromTXT": "2010", "svcdatetoTXT": "2021", "PLACEMENT": null, "BrickSize": "Full", "Coordinate": "K,3", "Shape_Length": 1.8413344762362986, "Shape_Area": 0.17647780162188034}}, {"type": "Feature", "id": 120, "geometry": {"type": "Polygon", "coordinates": [[[-83.8680705813987, 34.23440374237763], [-83.86806922405255, 34.23440509775709], [-83.86806982446298, 34.23440567983823], [-83.86807118289781, 34.23440432355985], [-83.8680705813987, 34.23440374237763]]]}, "properties": {"OBJECTID": 120, "FNAME": "VIRGINIA", "MNAME": "", "LNAME": "FEHER", "STATUS": null, "DEPARTMENT": null, "X": "4", "Y": "K", "CONCAT": "VIRGINIA FEHER", "INFORMATION": null, "svcdatefromTXT": "2014", "svcdatetoTXT": "2021", "PLACEMENT": null, "BrickSize": "Full", "Coordinate": "K,4", "Shape_Length": 1.8413345961419507, "Shape_Area": 0.17647780382429493}}, {"type": "Feature", "id": 121, "geometry": {"type": "Polygon", "coordinates": [[[-83.86806911402739, 34.23440520748222], [-83.86806775777309, 34.234406561061135], [-83.86806835926903, 34.234407143144956], [-83.86806971552652, 34.23440578866445], [-83.86806911402739, 34.23440520748222]]]}, "properties": {"OBJECTID": 121, "FNAME": "SUZANNE", "MNAME": "", "LNAME": "ANTHONY", "STATUS": null, "DEPARTMENT": null, "X": "5", "Y": "K", "CONCAT": "SUZANNE ANTHONY", "INFORMATION": null, "svcdatefromTXT": "2009", "svcdatetoTXT": "2021", "PLACEMENT": null, "BrickSize": "Full", "Coordinate": "K,5", "Shape_Length": 1.839910335483304, "Shape_Area": 0.1763353457310028}}, {"type": "Feature", "id": 122, "geometry": {"type": "Polygon", "coordinates": [[[-83.86806764883345, 34.234406670788935], [-83.86806629040173, 34.234408026165696], [-83.86806689189767, 34.2344086082495], [-83.86806824924706, 34.234407251968506], [-83.86806764883345, 34.234406670788935]]]}, "properties": {"OBJECTID": 122, "FNAME": "DONNA", "MNAME": "", "LNAME": "HOOTON", "STATUS": null, "DEPARTMENT": null, "X": "6", "Y": "K", "CONCAT": "DONNA HOOTON", "INFORMATION": null, "svcdatefromTXT": "2006", "svcdatetoTXT": "2021", "PLACEMENT": null, "BrickSize": "Full", "Coordinate": "K,6", "Shape_Length": 1.841334476295493, "Shape_Area": 0.1764778021498732}}, {"type": "Feature", "id": 123, "geometry": {"type": "Polygon", "coordinates": [[[-83.86806618146208, 34.23440813589346], [-83.86806482520768, 34.23440948947237], [-83.86806542561811, 34.23441007155355], [-83.8680667818757, 34.234408717073066], [-83.86806618146208, 34.23440813589346]]]}, "properties": {"OBJECTID": 123, "FNAME": "GINA", "MNAME": "", "LNAME": "REED", "STATUS": null, "DEPARTMENT": null, "X": "7", "Y": "K", "CONCAT": "GINA REED", "INFORMATION": null, "svcdatefromTXT": "1990", "svcdatetoTXT": "2021", "PLACEMENT": null, "BrickSize": "Full", "Coordinate": "K,7", "Shape_Length": 1.8394815635101465, "Shape_Area": 0.17617329523153769}}, {"type": "Feature", "id": 124, "geometry": {"type": "Polygon", "coordinates": [[[-83.86806471518251, 34.2344095991975], [-83.8680633578362, 34.23441095457687], [-83.86806395824662, 34.23441153665807], [-83.86806531668164, 34.23441018037973], [-83.86806471518251, 34.2344095991975]]]}, "properties": {"OBJECTID": 124, "FNAME": null, "MNAME": null, "LNAME": null, "STATUS": null, "DEPARTMENT": null, "X": "8", "Y": "K", "CONCAT": null, "INFORMATION": null, "svcdatefromTXT": null, "svcdatetoTXT": null, "PLACEMENT": null, "BrickSize": "Full", "Coordinate": "K,8", "Shape_Length": 1.8413345961545793, "Shape_Area": 0.17647780382429493}}, {"type": "Feature", "id": 125, "geometry": {"type": "Polygon", "coordinates": [[[-83.86806324781104, 34.234411064302016], [-83.86806189155655, 34.23441241788088], [-83.86806249305248, 34.234412999964704], [-83.86806384931015, 34.23441164548426], [-83.86806324781104, 34.234411064302016]]]}, "properties": {"OBJECTID": 125, "FNAME": null, "MNAME": null, "LNAME": null, "STATUS": null, "DEPARTMENT": null, "X": "9", "Y": "K", "CONCAT": null, "INFORMATION": null, "svcdatefromTXT": null, "svcdatetoTXT": null, "PLACEMENT": null, "BrickSize": "Full", "Coordinate": "K,9", "Shape_Length": 1.8399103193368296, "Shape_Area": 0.1763353408476801}}, {"type": "Feature", "id": 126, "geometry": {"type": "Polygon", "coordinates": [[[-83.86806178261689, 34.23441252760864], [-83.86806042418496, 34.23441388298536], [-83.86806102568092, 34.2344144650692], [-83.86806238411602, 34.23441310879091], [-83.86806178261689, 34.23441252760864]]]}, "properties": {"OBJECTID": 126, "FNAME": null, "MNAME": null, "LNAME": null, "STATUS": null, "DEPARTMENT": null, "X": "10", "Y": "K", "CONCAT": null, "INFORMATION": null, "svcdatefromTXT": null, "svcdatetoTXT": null, "PLACEMENT": null, "BrickSize": "Full", "Coordinate": "K,10", "Shape_Length": 1.8417579994495274, "Shape_Area": 0.17659357027074732}}, {"type": "Feature", "id": 127, "geometry": {"type": "Polygon", "coordinates": [[[-83.86807714431372, 34.23439855893288], [-83.86807646672786, 34.23439923617451], [-83.86807706930296, 34.234399820064056], [-83.8680777468888, 34.23439914282244], [-83.86807714431372, 34.23439855893288]]]}, "properties": {"OBJECTID": 127, "FNAME": null, "MNAME": null, "LNAME": null, "STATUS": null, "DEPARTMENT": null, "X": "0", "Y": "L", "CONCAT": null, "INFORMATION": null, "svcdatefromTXT": null, "svcdatetoTXT": null, "PLACEMENT": null, "BrickSize": "Half", "Coordinate": "L,0", "Shape_Length": 1.200554465392334, "Shape_Area": 0.08839643037364854}}, {"type": "Feature", "id": 128, "geometry": {"type": "Polygon", "coordinates": [[[-83.86807641116934, 34.23439929193733], [-83.86807505273786, 34.23440064731421], [-83.86807565531296, 34.23440123120377], [-83.86807701374762, 34.234399874925316], [-83.86807641116934, 34.23439929193733]]]}, "properties": {"OBJECTID": 128, "FNAME": null, "MNAME": null, "LNAME": null, "STATUS": null, "DEPARTMENT": null, "X": "1", "Y": "L", "CONCAT": null, "INFORMATION": null, "svcdatefromTXT": null, "svcdatetoTXT": null, "PLACEMENT": null, "BrickSize": "Full", "Coordinate": "L,1", "Shape_Length": 1.8431801153459721, "Shape_Area": 0.17702428466186665}}, {"type": "Feature", "id": 129, "geometry": {"type": "Polygon", "coordinates": [[[-83.86807494489011, 34.23440075524149], [-83.8680735875441, 34.234402110620984], [-83.8680741901192, 34.234402694510564], [-83.8680755474684, 34.23440133822947], [-83.86807494489011, 34.23440075524149]]]}, "properties": {"OBJECTID": 129, "FNAME": null, "MNAME": null, "LNAME": null, "STATUS": null, "DEPARTMENT": null, "X": "2", "Y": "L", "CONCAT": null, "INFORMATION": null, "svcdatefromTXT": null, "svcdatetoTXT": null, "PLACEMENT": null, "BrickSize": "Full", "Coordinate": "L,2", "Shape_Length": 1.8427619819051335, "Shape_Area": 0.17695480405529163}}, {"type": "Feature", "id": 130, "geometry": {"type": "Polygon", "coordinates": [[[-83.86807347751896, 34.23440222034611], [-83.8680721212616, 34.23440357482667], [-83.86807272383987, 34.23440415781467], [-83.86807408009724, 34.23440280333412], [-83.86807347751896, 34.23440222034611]]]}, "properties": {"OBJECTID": 130, "FNAME": "LANCE", "MNAME": "", "LNAME": "BARDSLEY", "STATUS": null, "DEPARTMENT": null, "X": "3", "Y": "L", "CONCAT": "LANCE BARDSLEY", "INFORMATION": null, "svcdatefromTXT": "2004", "svcdatetoTXT": "2020", "PLACEMENT": null, "BrickSize": "Full", "Coordinate": "L,3", "Shape_Length": 1.8413368946602495, "Shape_Area": 0.17672838703788077}}, {"type": "Feature", "id": 131, "geometry": {"type": "Polygon", "coordinates": [[[-83.86807201232516, 34.234403683652886], [-83.86807065389036, 34.23440503993128], [-83.86807125646864, 34.23440562291928], [-83.86807261490343, 34.23440426664088], [-83.86807201232516, 34.234403683652886]]]}, "properties": {"OBJECTID": 131, "FNAME": "KATHERINE", "MNAME": "", "LNAME": "KIPP", "STATUS": null, "DEPARTMENT": null, "X": "4", "Y": "L", "CONCAT": "KATHERINE KIPP", "INFORMATION": null, "svcdatefromTXT": "2007", "svcdatetoTXT": "2019", "PLACEMENT": null, "BrickSize": "Full", "Coordinate": "L,4", "Shape_Length": 1.843184525273477, "Shape_Area": 0.17698714982539143}}, {"type": "Feature", "id": 132, "geometry": {"type": "Polygon", "coordinates": [[[-83.8680705449539, 34.23440514875749], [-83.86806918869644, 34.23440650323801], [-83.86806979127472, 34.234407086226014], [-83.86807114753218, 34.234405731745476], [-83.8680705449539, 34.23440514875749]]]}, "properties": {"OBJECTID": 132, "FNAME": "JERRY", "MNAME": "", "LNAME": "ALLISON", "STATUS": null, "DEPARTMENT": null, "X": "5", "Y": "L", "CONCAT": "JERRY ALLISON", "INFORMATION": null, "svcdatefromTXT": "2008", "svcdatetoTXT": "2021", "PLACEMENT": null, "BrickSize": "Full", "Coordinate": "L,5", "Shape_Length": 1.841336883382315, "Shape_Area": 0.17672838399458868}}, {"type": "Feature", "id": 133, "geometry": {"type": "Polygon", "coordinates": [[[-83.86806907758259, 34.234406613862056], [-83.8680677213251, 34.23440796834256], [-83.86806832390336, 34.23440855133059], [-83.86806968016087, 34.23440719685007], [-83.86806907758259, 34.234406613862056]]]}, "properties": {"OBJECTID": 133, "FNAME": "MICHAEL", "MNAME": "", "LNAME": "GOODROE", "STATUS": null, "DEPARTMENT": null, "X": "6", "Y": "L", "CONCAT": "MICHAEL GOODROE", "INFORMATION": null, "svcdatefromTXT": "2010", "svcdatetoTXT": "2021", "PLACEMENT": null, "BrickSize": "Full", "Coordinate": "L,6", "Shape_Length": 1.8413368897906297, "Shape_Area": 0.17672838519723905}}, {"type": "Feature", "id": 134, "geometry": {"type": "Polygon", "coordinates": [[[-83.8680676113031, 34.23440807716612], [-83.86806625395367, 34.23440943344712], [-83.86806685653197, 34.23441001643514], [-83.86806821388139, 34.23440866015416], [-83.8680676113031, 34.23440807716612]]]}, "properties": {"OBJECTID": 134, "FNAME": "KELIES", "MNAME": "", "LNAME": "HICKS", "STATUS": null, "DEPARTMENT": null, "X": "7", "Y": "L", "CONCAT": "KELIES HICKS", "INFORMATION": null, "svcdatefromTXT": "1994", "svcdatetoTXT": "2019", "PLACEMENT": null, "BrickSize": "Full", "Coordinate": "L,7", "Shape_Length": 1.8427664741947303, "Shape_Area": 0.17691772303729864}}, {"type": "Feature", "id": 135, "geometry": {"type": "Polygon", "coordinates": [[[-83.86806614610911, 34.23440954047281], [-83.8680647876741, 34.23441089675115], [-83.86806539025238, 34.23441147973917], [-83.86806674868737, 34.234410123460826], [-83.86806614610911, 34.23440954047281]]]}, "properties": {"OBJECTID": 135, "FNAME": "CATHY", "MNAME": "", "LNAME": "HICKS", "STATUS": null, "DEPARTMENT": null, "X": "8", "Y": "L", "CONCAT": "CATHY HICKS", "INFORMATION": null, "svcdatefromTXT": "2006", "svcdatetoTXT": "2021", "PLACEMENT": null, "BrickSize": "Full", "Coordinate": "L,8", "Shape_Length": 1.8431845253154493, "Shape_Area": 0.17698714845468777}}, {"type": "Feature", "id": 136, "geometry": {"type": "Polygon", "coordinates": [[[-83.86806467873764, 34.23441100557734], [-83.86806332030261, 34.234412361855654], [-83.86806392288088, 34.2344129448437], [-83.86806528131272, 34.234411589466966], [-83.86806467873764, 34.23441100557734]]]}, "properties": {"OBJECTID": 136, "FNAME": null, "MNAME": null, "LNAME": null, "STATUS": null, "DEPARTMENT": null, "X": "9", "Y": "L", "CONCAT": null, "INFORMATION": null, "svcdatefromTXT": null, "svcdatetoTXT": null, "PLACEMENT": null, "BrickSize": "Full", "Coordinate": "L,9", "Shape_Length": 1.8431801152484617, "Shape_Area": 0.17702428550518856}}, {"type": "Feature", "id": 137, "geometry": {"type": "Polygon", "coordinates": [[[-83.86806321136612, 34.23441247068186], [-83.86806185510844, 34.23441382516229], [-83.86806245768672, 34.23441440815034], [-83.86806381394122, 34.23441305457147], [-83.86806321136612, 34.23441247068186]]]}, "properties": {"OBJECTID": 137, "FNAME": null, "MNAME": null, "LNAME": null, "STATUS": null, "DEPARTMENT": null, "X": "10", "Y": "L", "CONCAT": null, "INFORMATION": null, "svcdatefromTXT": null, "svcdatetoTXT": null, "PLACEMENT": null, "BrickSize": "Full", "Coordinate": "L,10", "Shape_Length": 1.8413324562299687, "Shape_Area": 0.1767654142373915}}, {"type": "Feature", "id": 138, "geometry": {"type": "Polygon", "coordinates": [[[-83.86806174508645, 34.234413933985856], [-83.86806106750035, 34.234414611227386], [-83.86806167007862, 34.23441519421544], [-83.86806234766154, 34.23441451787547], [-83.86806174508645, 34.234413933985856]]]}, "properties": {"OBJECTID": 138, "FNAME": null, "MNAME": null, "LNAME": null, "STATUS": null, "DEPARTMENT": null, "X": "11", "Y": "L", "CONCAT": null, "INFORMATION": null, "svcdatefromTXT": null, "svcdatetoTXT": null, "PLACEMENT": null, "BrickSize": "Half", "Coordinate": "L,11", "Shape_Length": 1.2000531951149536, "Shape_Area": 0.08833297765341619}}, {"type": "Feature", "id": 139, "geometry": {"type": "Polygon", "coordinates": [[[-83.86807784425403, 34.2343992368241], [-83.86807648582258, 34.234400592201], [-83.86807708731854, 34.234401174284756], [-83.86807844575318, 34.23439981800628], [-83.86807784425403, 34.2343992368241]]]}, "properties": {"OBJECTID": 139, "FNAME": null, "MNAME": null, "LNAME": null, "STATUS": null, "DEPARTMENT": null, "X": "0", "Y": "M", "CONCAT": null, "INFORMATION": null, "svcdatefromTXT": null, "svcdatetoTXT": null, "PLACEMENT": null, "BrickSize": "Full", "Coordinate": "M,0", "Shape_Length": 1.841757994700603, "Shape_Area": 0.17659356948425797}}, {"type": "Feature", "id": 140, "geometry": {"type": "Polygon", "coordinates": [[[-83.86807637688295, 34.23440070192878], [-83.86807502062885, 34.23440205550777], [-83.8680756221248, 34.234402637591536], [-83.8680769783821, 34.23440128311096], [-83.86807637688295, 34.23440070192878]]]}, "properties": {"OBJECTID": 140, "FNAME": null, "MNAME": null, "LNAME": null, "STATUS": null, "DEPARTMENT": null, "X": "1", "Y": "M", "CONCAT": null, "INFORMATION": null, "svcdatefromTXT": null, "svcdatetoTXT": null, "PLACEMENT": null, "BrickSize": "Full", "Coordinate": "M,1", "Shape_Length": 1.8399103242079322, "Shape_Area": 0.1763353426877107}}, {"type": "Feature", "id": 141, "geometry": {"type": "Polygon", "coordinates": [[[-83.86807491168922, 34.234402165235565], [-83.86807355325767, 34.234403520612425], [-83.86807415475363, 34.23440410269619], [-83.86807551210285, 34.23440274641512], [-83.86807491168922, 34.234402165235565]]]}, "properties": {"OBJECTID": 141, "FNAME": null, "MNAME": null, "LNAME": null, "STATUS": null, "DEPARTMENT": null, "X": "2", "Y": "M", "CONCAT": null, "INFORMATION": null, "svcdatefromTXT": null, "svcdatetoTXT": null, "PLACEMENT": null, "BrickSize": "Full", "Coordinate": "M,2", "Shape_Length": 1.8413344876758517, "Shape_Area": 0.17647780435228777}}, {"type": "Feature", "id": 142, "geometry": {"type": "Polygon", "coordinates": [[[-83.86807344431804, 34.234403630340196], [-83.86807208588645, 34.23440498571705], [-83.86807268738241, 34.23440556780082], [-83.86807404473167, 34.23440421151977], [-83.86807344431804, 34.234403630340196]]]}, "properties": {"OBJECTID": 142, "FNAME": "HARRIETT", "MNAME": "", "LNAME": "ALLISON", "STATUS": null, "DEPARTMENT": null, "X": "3", "Y": "M", "CONCAT": "HARRIETT ALLISON", "INFORMATION": null, "svcdatefromTXT": "2012", "svcdatetoTXT": "2020", "PLACEMENT": null, "BrickSize": "Full", "Coordinate": "M,3", "Shape_Length": 1.8413344876166575, "Shape_Area": 0.17647780382429493}}, {"type": "Feature", "id": 143, "geometry": {"type": "Polygon", "coordinates": [[[-83.8680719780387, 34.23440509364432], [-83.86807061960705, 34.23440644902114], [-83.86807122110301, 34.23440703110492], [-83.86807257953784, 34.23440567482651], [-83.8680719780387, 34.23440509364432]]]}, "properties": {"OBJECTID": 143, "FNAME": "MARY", "MNAME": "", "LNAME": "HAMBY", "STATUS": null, "DEPARTMENT": null, "X": "4", "Y": "M", "CONCAT": "MARY HAMBY", "INFORMATION": null, "svcdatefromTXT": "1992", "svcdatetoTXT": "2021", "PLACEMENT": null, "BrickSize": "Full", "Coordinate": "M,4", "Shape_Length": 1.8417579880735064, "Shape_Area": 0.1765935680671105}}, {"type": "Feature", "id": 144, "geometry": {"type": "Polygon", "coordinates": [[[-83.86807051066741, 34.23440655874891], [-83.8680691544131, 34.23440791232787], [-83.86806975590908, 34.23440849441166], [-83.86807111216655, 34.23440713993113], [-83.86807051066741, 34.23440655874891]]]}, "properties": {"OBJECTID": 144, "FNAME": "RANDALL", "MNAME": "", "LNAME": "GEE", "STATUS": null, "DEPARTMENT": null, "X": "5", "Y": "M", "CONCAT": "RANDALL GEE", "INFORMATION": null, "svcdatefromTXT": "2010", "svcdatetoTXT": "2021", "PLACEMENT": null, "BrickSize": "Full", "Coordinate": "M,5", "Shape_Length": 1.8399103355845996, "Shape_Area": 0.1763353448889031}}, {"type": "Feature", "id": 145, "geometry": {"type": "Polygon", "coordinates": [[[-83.86806904547348, 34.23440802205564], [-83.86806768704173, 34.234409377432435], [-83.86806828853769, 34.234409959516235], [-83.86806964588709, 34.234408603235224], [-83.86806904547348, 34.23440802205564]]]}, "properties": {"OBJECTID": 145, "FNAME": "JAMES", "MNAME": "", "LNAME": "THOMPSON", "STATUS": null, "DEPARTMENT": null, "X": "6", "Y": "M", "CONCAT": "JAMES THOMPSON", "INFORMATION": null, "svcdatefromTXT": "1996", "svcdatetoTXT": "2019", "PLACEMENT": null, "BrickSize": "Full", "Coordinate": "M,6", "Shape_Length": 1.8413344876166575, "Shape_Area": 0.17647780382429493}}, {"type": "Feature", "id": 146, "geometry": {"type": "Polygon", "coordinates": [[[-83.86806757810209, 34.234409487160214], [-83.8680662218477, 34.234410840739116], [-83.86806682225814, 34.23441142282028], [-83.86806817851253, 34.234410069241356], [-83.86806757810209, 34.234409487160214]]]}, "properties": {"OBJECTID": 146, "FNAME": "LYNNE", "MNAME": "", "LNAME": "BERDANIER", "STATUS": null, "DEPARTMENT": null, "X": "7", "Y": "M", "CONCAT": "LYNNE BERDANIER", "INFORMATION": null, "svcdatefromTXT": "2006", "svcdatetoTXT": "2021", "PLACEMENT": null, "BrickSize": "Full", "Coordinate": "M,7", "Shape_Length": 1.8394771659525668, "Shape_Area": 0.17621042871136466}}, {"type": "Feature", "id": 147, "geometry": {"type": "Polygon", "coordinates": [[[-83.86806611182254, 34.23441095046425], [-83.86806475447622, 34.23441230584364], [-83.86806535488665, 34.23441288792482], [-83.8680667133185, 34.234411532548044], [-83.86806611182254, 34.23441095046425]]]}, "properties": {"OBJECTID": 147, "FNAME": null, "MNAME": null, "LNAME": null, "STATUS": null, "DEPARTMENT": null, "X": "8", "Y": "M", "CONCAT": null, "INFORMATION": null, "svcdatefromTXT": null, "svcdatetoTXT": null, "PLACEMENT": null, "BrickSize": "Full", "Coordinate": "M,8", "Shape_Length": 1.8413300476783618, "Shape_Area": 0.17651499247986352}}, {"type": "Feature", "id": 148, "geometry": {"type": "Polygon", "coordinates": [[[-83.86806464445105, 34.23441241556878], [-83.86806328819657, 34.234413769147636], [-83.86806388969252, 34.23441435123148], [-83.86806524594701, 34.23441299765259], [-83.86806464445105, 34.23441241556878]]]}, "properties": {"OBJECTID": 148, "FNAME": null, "MNAME": null, "LNAME": null, "STATUS": null, "DEPARTMENT": null, "X": "9", "Y": "M", "CONCAT": null, "INFORMATION": null, "svcdatefromTXT": null, "svcdatetoTXT": null, "PLACEMENT": null, "BrickSize": "Full", "Coordinate": "M,9", "Shape_Length": 1.8399057585111298, "Shape_Area": 0.17637242674899578}}, {"type": "Feature", "id": 149, "geometry": {"type": "Polygon", "coordinates": [[[-83.86806317925691, 34.23441387887543], [-83.86806182082499, 34.23441523425215], [-83.86806242232093, 34.23441581633596], [-83.86806377966734, 34.23441446095661], [-83.86806317925691, 34.23441387887543]]]}, "properties": {"OBJECTID": 149, "FNAME": null, "MNAME": null, "LNAME": null, "STATUS": null, "DEPARTMENT": null, "X": "10", "Y": "M", "CONCAT": null, "INFORMATION": null, "svcdatefromTXT": null, "svcdatetoTXT": null, "PLACEMENT": null, "BrickSize": "Full", "Coordinate": "M,10", "Shape_Length": 1.8413300313866783, "Shape_Area": 0.17651498980751085}}, {"type": "Feature", "id": 150, "geometry": {"type": "Polygon", "coordinates": [[[-83.8680785431184, 34.23439991200793], [-83.86807786444703, 34.23440058924693], [-83.868078465943, 34.23440117133068], [-83.86807914352886, 34.23440049408904], [-83.8680785431184, 34.23439991200793]]]}, "properties": {"OBJECTID": 150, "FNAME": null, "MNAME": null, "LNAME": null, "STATUS": null, "DEPARTMENT": null, "X": "0", "Y": "N", "CONCAT": null, "INFORMATION": null, "svcdatefromTXT": null, "svcdatetoTXT": null, "PLACEMENT": null, "BrickSize": "Half", "Coordinate": "N,0", "Shape_Length": 1.1991269613275537, "Shape_Area": 0.08817561090738613}}, {"type": "Feature", "id": 151, "geometry": {"type": "Polygon", "coordinates": [[[-83.86807780888853, 34.23440064500976], [-83.86807645045705, 34.23440200038663], [-83.86807705195302, 34.23440258247039], [-83.86807841038768, 34.23440122619191], [-83.86807780888853, 34.23440064500976]]]}, "properties": {"OBJECTID": 151, "FNAME": null, "MNAME": null, "LNAME": null, "STATUS": null, "DEPARTMENT": null, "X": "1", "Y": "N", "CONCAT": null, "INFORMATION": null, "svcdatefromTXT": null, "svcdatetoTXT": null, "PLACEMENT": null, "BrickSize": "Full", "Coordinate": "N,1", "Shape_Length": 1.8417579880735064, "Shape_Area": 0.1765935680671105}}, {"type": "Feature", "id": 152, "geometry": {"type": "Polygon", "coordinates": [[[-83.86807634369482, 34.234402108316544], [-83.8680749852633, 34.234403463693425], [-83.86807558675926, 34.23440404577718], [-83.86807694410845, 34.2344026894961], [-83.86807634369482, 34.234402108316544]]]}, "properties": {"OBJECTID": 152, "FNAME": null, "MNAME": null, "LNAME": null, "STATUS": null, "DEPARTMENT": null, "X": "2", "Y": "N", "CONCAT": null, "INFORMATION": null, "svcdatefromTXT": null, "svcdatetoTXT": null, "PLACEMENT": null, "BrickSize": "Full", "Coordinate": "N,2", "Shape_Length": 1.8413344828072598, "Shape_Area": 0.17647780250981274}}, {"type": "Feature", "id": 153, "geometry": {"type": "Polygon", "coordinates": [[[-83.86807487632367, 34.23440357342122], [-83.86807352006949, 34.2344049270002], [-83.86807412047993, 34.23440550908134], [-83.86807547673729, 34.23440415460077], [-83.86807487632367, 34.23440357342122]]]}, "properties": {"OBJECTID": 153, "FNAME": null, "MNAME": null, "LNAME": null, "STATUS": null, "DEPARTMENT": null, "X": "3", "Y": "N", "CONCAT": null, "INFORMATION": null, "svcdatefromTXT": null, "svcdatetoTXT": null, "PLACEMENT": null, "BrickSize": "Full", "Coordinate": "N,3", "Shape_Length": 1.8394815585471034, "Shape_Area": 0.176173294234829}}, {"type": "Feature", "id": 154, "geometry": {"type": "Polygon", "coordinates": [[[-83.86807341004433, 34.23440503672535], [-83.86807205161271, 34.23440639210218], [-83.86807265310868, 34.23440697418595], [-83.86807401154348, 34.234405617907534], [-83.86807341004433, 34.23440503672535]]]}, "properties": {"OBJECTID": 154, "FNAME": "BERNARD", "MNAME": "", "LNAME": "LARKIN", "STATUS": null, "DEPARTMENT": null, "X": "4", "Y": "N", "CONCAT": "BERNARD LARKIN", "INFORMATION": null, "svcdatefromTXT": "2000", "svcdatetoTXT": "2018", "PLACEMENT": null, "BrickSize": "Full", "Coordinate": "N,4", "Shape_Length": 1.841757983324582, "Shape_Area": 0.17659356728062117}}, {"type": "Feature", "id": 155, "geometry": {"type": "Polygon", "coordinates": [[[-83.86807194267308, 34.23440650182996], [-83.86807058641881, 34.234407855408925], [-83.86807118791477, 34.23440843749271], [-83.86807254417224, 34.23440708301218], [-83.86807194267308, 34.23440650182996]]]}, "properties": {"OBJECTID": 155, "FNAME": "SHEREE", "MNAME": "", "LNAME": "GRAVENHORST", "STATUS": null, "DEPARTMENT": null, "X": "5", "Y": "N", "CONCAT": "SHEREE GRAVENHORST", "INFORMATION": null, "svcdatefromTXT": "2000", "svcdatetoTXT": "2019", "PLACEMENT": null, "BrickSize": "Full", "Coordinate": "N,5", "Shape_Length": 1.8399103355845996, "Shape_Area": 0.1763353448889031}}, {"type": "Feature", "id": 156, "geometry": {"type": "Polygon", "coordinates": [[[-83.86807047530178, 34.23440796693456], [-83.86806911904746, 34.2344093205135], [-83.86806972054343, 34.23440990259731], [-83.86807107679775, 34.23440854901834], [-83.86807047530178, 34.23440796693456]]]}, "properties": {"OBJECTID": 156, "FNAME": "JOYCE", "MNAME": "", "LNAME": "DARDEN-ARNETTE", "STATUS": null, "DEPARTMENT": null, "X": "6", "Y": "N", "CONCAT": "JOYCE DARDEN-ARNETTE", "INFORMATION": null, "svcdatefromTXT": "2015", "svcdatetoTXT": "2019", "PLACEMENT": null, "BrickSize": "Full", "Coordinate": "N,6", "Shape_Length": 1.8399057585111298, "Shape_Area": 0.17637242674899578}}, {"type": "Feature", "id": 157, "geometry": {"type": "Polygon", "coordinates": [[[-83.86806901010782, 34.23440943024129], [-83.86806765167606, 34.234410785618074], [-83.86806825317201, 34.234411367701874], [-83.86806961051828, 34.23441001232244], [-83.86806901010782, 34.23440943024129]]]}, "properties": {"OBJECTID": 157, "FNAME": "TONY", "MNAME": "", "LNAME": "PHILLIPS", "STATUS": null, "DEPARTMENT": null, "X": "7", "Y": "N", "CONCAT": "TONY PHILLIPS", "INFORMATION": null, "svcdatefromTXT": "1999", "svcdatetoTXT": "2019", "PLACEMENT": null, "BrickSize": "Full", "Coordinate": "N,7", "Shape_Length": 1.8413300361924336, "Shape_Area": 0.17651499112199304}}, {"type": "Feature", "id": 158, "geometry": {"type": "Polygon", "coordinates": [[[-83.86806754382827, 34.23441089354534], [-83.86806618648198, 34.23441224892476], [-83.86806678689243, 34.234412831005926], [-83.86806814532426, 34.234411475629145], [-83.86806754382827, 34.23441089354534]]]}, "properties": {"OBJECTID": 158, "FNAME": null, "MNAME": null, "LNAME": null, "STATUS": null, "DEPARTMENT": null, "X": "8", "Y": "N", "CONCAT": null, "INFORMATION": null, "svcdatefromTXT": null, "svcdatetoTXT": null, "PLACEMENT": null, "BrickSize": "Full", "Coordinate": "N,8", "Shape_Length": 1.8413300476783618, "Shape_Area": 0.17651499247986352}}, {"type": "Feature", "id": 159, "geometry": {"type": "Polygon", "coordinates": [[[-83.86806607645683, 34.234412358649884], [-83.86806471802497, 34.23441371402664], [-83.86806531952094, 34.23441429611046], [-83.86806667795278, 34.23441294073369], [-83.86806607645683, 34.234412358649884]]]}, "properties": {"OBJECTID": 159, "FNAME": null, "MNAME": null, "LNAME": null, "STATUS": null, "DEPARTMENT": null, "X": "9", "Y": "N", "CONCAT": null, "INFORMATION": null, "svcdatefromTXT": null, "svcdatetoTXT": null, "PLACEMENT": null, "BrickSize": "Full", "Coordinate": "N,9", "Shape_Length": 1.8417534460710177, "Shape_Area": 0.17663075845637782}}, {"type": "Feature", "id": 160, "geometry": {"type": "Polygon", "coordinates": [[[-83.86806460908531, 34.23441382375443], [-83.86806325282762, 34.23441517823487], [-83.86806385432676, 34.23441575941711], [-83.86806521058128, 34.23441440583824], [-83.86806460908531, 34.23441382375443]]]}, "properties": {"OBJECTID": 160, "FNAME": null, "MNAME": null, "LNAME": null, "STATUS": null, "DEPARTMENT": null, "X": "10", "Y": "N", "CONCAT": null, "INFORMATION": null, "svcdatefromTXT": null, "svcdatetoTXT": null, "PLACEMENT": null, "BrickSize": "Full", "Coordinate": "N,10", "Shape_Length": 1.839910324207932, "Shape_Area": 0.1763353426877107}}, {"type": "Feature", "id": 161, "geometry": {"type": "Polygon", "coordinates": [[[-83.86806314389115, 34.23441528706106], [-83.86806246521952, 34.23441596429996], [-83.86806306671868, 34.23441654548221], [-83.8680637443016, 34.23441586914224], [-83.86806314389115, 34.23441528706106]]]}, "properties": {"OBJECTID": 161, "FNAME": null, "MNAME": null, "LNAME": null, "STATUS": null, "DEPARTMENT": null, "X": "11", "Y": "N", "CONCAT": null, "INFORMATION": null, "svcdatefromTXT": null, "svcdatetoTXT": null, "PLACEMENT": null, "BrickSize": "Half", "Coordinate": "N,11", "Shape_Length": 1.1986258247938322, "Shape_Area": 0.08811221115192537}}, {"type": "Feature", "id": 162, "geometry": {"type": "Polygon", "coordinates": [[[-83.8680792408941, 34.23440058809071], [-83.86807788246263, 34.2344019434676], [-83.86807848395861, 34.23440252555136], [-83.86807984239326, 34.234401169272864], [-83.8680792408941, 34.23440058809071]]]}, "properties": {"OBJECTID": 162, "FNAME": null, "MNAME": null, "LNAME": null, "STATUS": null, "DEPARTMENT": null, "X": "0", "Y": "O", "CONCAT": null, "INFORMATION": null, "svcdatefromTXT": null, "svcdatetoTXT": null, "PLACEMENT": null, "BrickSize": "Full", "Coordinate": "O,0", "Shape_Length": 1.841757983262877, "Shape_Area": 0.17659356675262833}}, {"type": "Feature", "id": 163, "geometry": {"type": "Polygon", "coordinates": [[[-83.86807777352301, 34.23440205319538], [-83.8680764172689, 34.23440340677442], [-83.86807701876488, 34.234403988858176], [-83.86807837502218, 34.23440263437757], [-83.86807777352301, 34.23440205319538]]]}, "properties": {"OBJECTID": 163, "FNAME": null, "MNAME": null, "LNAME": null, "STATUS": null, "DEPARTMENT": null, "X": "1", "Y": "O", "CONCAT": null, "INFORMATION": null, "svcdatefromTXT": null, "svcdatetoTXT": null, "PLACEMENT": null, "BrickSize": "Full", "Coordinate": "O,1", "Shape_Length": 1.8399103355845996, "Shape_Area": 0.1763353448889031}}, {"type": "Feature", "id": 164, "geometry": {"type": "Polygon", "coordinates": [[[-83.86807630832928, 34.234403516502205], [-83.86807494989773, 34.234404871879065], [-83.86807555139372, 34.23440545396285], [-83.86807690874292, 34.234404097681725], [-83.86807630832928, 34.234403516502205]]]}, "properties": {"OBJECTID": 164, "FNAME": "RANDELL", "MNAME": "", "LNAME": "SMITH", "STATUS": null, "DEPARTMENT": null, "X": "2", "Y": "O", "CONCAT": "RANDELL SMITH", "INFORMATION": null, "svcdatefromTXT": "2009", "svcdatetoTXT": "2019", "PLACEMENT": null, "BrickSize": "Full", "Coordinate": "O,2", "Shape_Length": 1.8413344876786764, "Shape_Area": 0.17647780435228777}}, {"type": "Feature", "id": 165, "geometry": {"type": "Polygon", "coordinates": [[[-83.86807483987259, 34.23440498160422], [-83.86807348252651, 34.2344063369837], [-83.86807408402247, 34.234406919067474], [-83.86807544137176, 34.23440556278639], [-83.86807483987259, 34.23440498160422]]]}, "properties": {"OBJECTID": 165, "FNAME": "MICHELE", "MNAME": "", "LNAME": "BARTON", "STATUS": null, "DEPARTMENT": null, "X": "3", "Y": "O", "CONCAT": "MICHELE BARTON", "INFORMATION": null, "svcdatefromTXT": "1998", "svcdatetoTXT": "2018", "PLACEMENT": null, "BrickSize": "Full", "Coordinate": "O,3", "Shape_Length": 1.8413398498149922, "Shape_Area": 0.17652430142364894}}, {"type": "Feature", "id": 166, "geometry": {"type": "Polygon", "coordinates": [[[-83.86807337467876, 34.23440644491099], [-83.86807201624711, 34.23440780028783], [-83.86807261774308, 34.23440838237161], [-83.86807397617473, 34.23440702699475], [-83.86807337467876, 34.23440644491099]]]}, "properties": {"OBJECTID": 166, "FNAME": "BRANDON", "MNAME": "", "LNAME": "HAAG", "STATUS": null, "DEPARTMENT": null, "X": "4", "Y": "O", "CONCAT": "BRANDON HAAG", "INFORMATION": null, "svcdatefromTXT": "1991", "svcdatetoTXT": "2018", "PLACEMENT": null, "BrickSize": "Full", "Coordinate": "O,4", "Shape_Length": 1.8417534461716667, "Shape_Area": 0.17663075761183372}}, {"type": "Feature", "id": 167, "geometry": {"type": "Polygon", "coordinates": [[[-83.86807190730748, 34.234407910015605], [-83.86807055105318, 34.23440926359455], [-83.86807115254913, 34.234409845678336], [-83.86807250880344, 34.23440849209939], [-83.86807190730748, 34.234407910015605]]]}, "properties": {"OBJECTID": 167, "FNAME": "STACY", "MNAME": "", "LNAME": "KOFFMAN", "STATUS": null, "DEPARTMENT": null, "X": "5", "Y": "O", "CONCAT": "STACY KOFFMAN", "INFORMATION": null, "svcdatefromTXT": "2002", "svcdatetoTXT": "2019", "PLACEMENT": null, "BrickSize": "Full", "Coordinate": "O,5", "Shape_Length": 1.8399057422617817, "Shape_Area": 0.17637242270838388}}, {"type": "Feature", "id": 168, "geometry": {"type": "Polygon", "coordinates": [[[-83.86807044211352, 34.23440937332233], [-83.86806908368179, 34.23441072869915], [-83.86806968517777, 34.23441131078293], [-83.86807104252398, 34.23440995540349], [-83.86807044211352, 34.23440937332233]]]}, "properties": {"OBJECTID": 168, "FNAME": "JB", "MNAME": "", "LNAME": "SHARMA", "STATUS": null, "DEPARTMENT": null, "X": "6", "Y": "O", "CONCAT": "JB SHARMA", "INFORMATION": null, "svcdatefromTXT": "1988", "svcdatetoTXT": "2019", "PLACEMENT": null, "BrickSize": "Full", "Coordinate": "O,6", "Shape_Length": 1.8413300475801746, "Shape_Area": 0.17651499332440762}}, {"type": "Feature", "id": 169, "geometry": {"type": "Polygon", "coordinates": [[[-83.86806897365663, 34.234410838424274], [-83.86806761848776, 34.234412192005834], [-83.86806821889822, 34.23441277408702], [-83.86806957515262, 34.23441142050807], [-83.86806897365663, 34.234410838424274]]]}, "properties": {"OBJECTID": 169, "FNAME": "EDDIE", "MNAME": "", "LNAME": "HEADRICK", "STATUS": null, "DEPARTMENT": null, "X": "7", "Y": "O", "CONCAT": "EDDIE HEADRICK", "INFORMATION": null, "svcdatefromTXT": "2006", "svcdatetoTXT": "2018", "PLACEMENT": null, "BrickSize": "Full", "Coordinate": "O,7", "Shape_Length": 1.8394823945058183, "Shape_Area": 0.17625676925521228}}, {"type": "Feature", "id": 170, "geometry": {"type": "Polygon", "coordinates": [[[-83.86806750846259, 34.234412301730984], [-83.86806615002757, 34.23441365800933], [-83.86806675152674, 34.234414239191544], [-83.86806810995856, 34.23441288381478], [-83.86806750846259, 34.234412301730984]]]}, "properties": {"OBJECTID": 170, "FNAME": null, "MNAME": null, "LNAME": null, "STATUS": null, "DEPARTMENT": null, "X": "8", "Y": "O", "CONCAT": null, "INFORMATION": null, "svcdatefromTXT": null, "svcdatetoTXT": null, "PLACEMENT": null, "BrickSize": "Full", "Coordinate": "O,8", "Shape_Length": 1.8417579833245818, "Shape_Area": 0.17659356728062117}}, {"type": "Feature", "id": 171, "geometry": {"type": "Polygon", "coordinates": [[[-83.86806604109111, 34.23441376683551], [-83.86806468483344, 34.23441512131599], [-83.8680652863326, 34.23441570249824], [-83.8680666425871, 34.23441434891935], [-83.86806604109111, 34.23441376683551]]]}, "properties": {"OBJECTID": 171, "FNAME": null, "MNAME": null, "LNAME": null, "STATUS": null, "DEPARTMENT": null, "X": "9", "Y": "O", "CONCAT": null, "INFORMATION": null, "svcdatefromTXT": null, "svcdatetoTXT": null, "PLACEMENT": null, "BrickSize": "Full", "Coordinate": "O,9", "Shape_Length": 1.839910335483304, "Shape_Area": 0.1763353457310028}}, {"type": "Feature", "id": 172, "geometry": {"type": "Polygon", "coordinates": [[[-83.86806457589695, 34.23441523014218], [-83.86806321746187, 34.2344165864205], [-83.868063818961, 34.23441716760276], [-83.86806517630743, 34.23441581222337], [-83.86806457589695, 34.23441523014218]]]}, "properties": {"OBJECTID": 172, "FNAME": null, "MNAME": null, "LNAME": null, "STATUS": null, "DEPARTMENT": null, "X": "10", "Y": "O", "CONCAT": null, "INFORMATION": null, "svcdatefromTXT": null, "svcdatetoTXT": null, "PLACEMENT": null, "BrickSize": "Full", "Coordinate": "O,10", "Shape_Length": 1.841334596141951, "Shape_Area": 0.17647780382429493}}, {"type": "Feature", "id": 173, "geometry": {"type": "Polygon", "coordinates": [[[-83.86807994083763, 34.23440126508033], [-83.86807926216625, 34.23440194231931], [-83.86807986366543, 34.234402523501494], [-83.86808054233362, 34.23440184716406], [-83.86807994083763, 34.23440126508033]]]}, "properties": {"OBJECTID": 173, "FNAME": null, "MNAME": null, "LNAME": null, "STATUS": null, "DEPARTMENT": null, "X": "0", "Y": "P", "CONCAT": null, "INFORMATION": null, "svcdatefromTXT": null, "svcdatetoTXT": null, "PLACEMENT": null, "BrickSize": "Half", "Coordinate": "P,0", "Shape_Length": 1.1990493210787305, "Shape_Area": 0.08818734285802363}}, {"type": "Feature", "id": 174, "geometry": {"type": "Polygon", "coordinates": [[[-83.86807920660775, 34.234401998082134], [-83.8680778492618, 34.234403353461694], [-83.86807845075778, 34.234403935545444], [-83.86807980810693, 34.23440257926431], [-83.86807920660775, 34.234401998082134]]]}, "properties": {"OBJECTID": 174, "FNAME": null, "MNAME": null, "LNAME": null, "STATUS": null, "DEPARTMENT": null, "X": "1", "Y": "P", "CONCAT": null, "INFORMATION": null, "svcdatefromTXT": null, "svcdatetoTXT": null, "PLACEMENT": null, "BrickSize": "Full", "Coordinate": "P,1", "Shape_Length": 1.8413398612544887, "Shape_Area": 0.17652430415405637}}, {"type": "Feature", "id": 175, "geometry": {"type": "Polygon", "coordinates": [[[-83.86807774141404, 34.234403461388965], [-83.86807638298252, 34.23440481676584], [-83.8680769844785, 34.234405398849624], [-83.86807834291322, 34.23440404257114], [-83.86807774141404, 34.234403461388965]]]}, "properties": {"OBJECTID": 175, "FNAME": null, "MNAME": null, "LNAME": null, "STATUS": null, "DEPARTMENT": null, "X": "2", "Y": "P", "CONCAT": null, "INFORMATION": null, "svcdatefromTXT": null, "svcdatetoTXT": null, "PLACEMENT": null, "BrickSize": "Full", "Coordinate": "P,2", "Shape_Length": 1.8417579947058949, "Shape_Area": 0.17659356948425797}}, {"type": "Feature", "id": 176, "geometry": {"type": "Polygon", "coordinates": [[[-83.86807627404289, 34.23440492649365], [-83.86807491778872, 34.23440628007265], [-83.86807551928469, 34.23440686215641], [-83.86807687554206, 34.234405507675824], [-83.86807627404289, 34.23440492649365]]]}, "properties": {"OBJECTID": 176, "FNAME": "BRENDA", "MNAME": "", "LNAME": "ADAMS", "STATUS": null, "DEPARTMENT": null, "X": "3", "Y": "P", "CONCAT": "BRENDA ADAMS", "INFORMATION": null, "svcdatefromTXT": "1988", "svcdatetoTXT": "2019", "PLACEMENT": null, "BrickSize": "Full", "Coordinate": "P,3", "Shape_Length": 1.8399103242079322, "Shape_Area": 0.1763353426877107}}, {"type": "Feature", "id": 177, "geometry": {"type": "Polygon", "coordinates": [[[-83.86807480776356, 34.23440638979777], [-83.86807345041746, 34.23440774517728], [-83.86807405191344, 34.23440832726106], [-83.86807540926273, 34.23440697097998], [-83.86807480776356, 34.23440638979777]]]}, "properties": {"OBJECTID": 177, "FNAME": "LISA", "MNAME": "", "LNAME": "WATSON", "STATUS": null, "DEPARTMENT": null, "X": "4", "Y": "P", "CONCAT": "LISA WATSON", "INFORMATION": null, "svcdatefromTXT": "1985", "svcdatetoTXT": "2017", "PLACEMENT": null, "BrickSize": "Full", "Coordinate": "P,4", "Shape_Length": 1.8413398611928846, "Shape_Area": 0.17652430362606353}}, {"type": "Feature", "id": 178, "geometry": {"type": "Polygon", "coordinates": [[[-83.86807334039231, 34.23440785490242], [-83.86807198413804, 34.23440920848138], [-83.86807258563401, 34.23440979056517], [-83.86807394189147, 34.2344084360846], [-83.86807334039231, 34.23440785490242]]]}, "properties": {"OBJECTID": 178, "FNAME": "PAULA", "MNAME": "", "LNAME": "EDNEY", "STATUS": null, "DEPARTMENT": null, "X": "5", "Y": "P", "CONCAT": "PAULA EDNEY", "INFORMATION": null, "svcdatefromTXT": "2008", "svcdatetoTXT": "2017", "PLACEMENT": null, "BrickSize": "Full", "Coordinate": "P,5", "Shape_Length": 1.8399103193368296, "Shape_Area": 0.1763353408476801}}, {"type": "Feature", "id": 179, "geometry": {"type": "Polygon", "coordinates": [[[-83.868071873021, 34.234409320007046], [-83.86807051676668, 34.234410673586], [-83.86807111826268, 34.23441125566978], [-83.86807247452016, 34.234409901189245], [-83.868071873021, 34.234409320007046]]]}, "properties": {"OBJECTID": 179, "FNAME": "CAROL", "MNAME": "", "LNAME": "MARINELLI", "STATUS": null, "DEPARTMENT": null, "X": "6", "Y": "P", "CONCAT": "CAROL MARINELLI", "INFORMATION": null, "svcdatefromTXT": "2004", "svcdatetoTXT": "2017", "PLACEMENT": null, "BrickSize": "Full", "Coordinate": "P,6", "Shape_Length": 1.8399103242079322, "Shape_Area": 0.1763353426877107}}, {"type": "Feature", "id": 180, "geometry": {"type": "Polygon", "coordinates": [[[-83.86807040782703, 34.23441078331377], [-83.86806904939529, 34.23441213869059], [-83.86806965089126, 34.23441272077436], [-83.8680710093262, 34.234411364496], [-83.86807040782703, 34.23441078331377]]]}, "properties": {"OBJECTID": 180, "FNAME": "TERESA", "MNAME": "", "LNAME": "LECKIE", "STATUS": null, "DEPARTMENT": null, "X": "7", "Y": "P", "CONCAT": "TERESA LECKIE", "INFORMATION": null, "svcdatefromTXT": "1991", "svcdatetoTXT": "2016", "PLACEMENT": null, "BrickSize": "Full", "Coordinate": "P,7", "Shape_Length": 1.841757994700603, "Shape_Area": 0.17659356948425797}}, {"type": "Feature", "id": 181, "geometry": {"type": "Polygon", "coordinates": [[[-83.86806894263302, 34.2344122466205], [-83.86806758420121, 34.23441360199728], [-83.8680681856972, 34.23441418408107], [-83.86806954304669, 34.23441282780006], [-83.86806894263302, 34.2344122466205]]]}, "properties": {"OBJECTID": 181, "FNAME": "NANCY", "MNAME": "", "LNAME": "MATTSON", "STATUS": null, "DEPARTMENT": null, "X": "8", "Y": "P", "CONCAT": "NANCY MATTSON", "INFORMATION": null, "svcdatefromTXT": "2003", "svcdatetoTXT": "2017", "PLACEMENT": null, "BrickSize": "Full", "Coordinate": "P,8", "Shape_Length": 1.841334476295493, "Shape_Area": 0.1764778021498732}}, {"type": "Feature", "id": 182, "geometry": {"type": "Polygon", "coordinates": [[[-83.86806747417604, 34.234413711722404], [-83.86806611682971, 34.234415067101835], [-83.8680667183257, 34.234415649185635], [-83.86806807567523, 34.23441429290464], [-83.86806747417604, 34.234413711722404]]]}, "properties": {"OBJECTID": 182, "FNAME": null, "MNAME": null, "LNAME": null, "STATUS": null, "DEPARTMENT": null, "X": "9", "Y": "P", "CONCAT": null, "INFORMATION": null, "svcdatefromTXT": null, "svcdatetoTXT": null, "PLACEMENT": null, "BrickSize": "Full", "Coordinate": "P,9", "Shape_Length": 1.8413398611928846, "Shape_Area": 0.17652430362606353}}, {"type": "Feature", "id": 183, "geometry": {"type": "Polygon", "coordinates": [[[-83.86806600680454, 34.23441517682695], [-83.86806465055004, 34.234416530405866], [-83.86806525204601, 34.23441711248967], [-83.8680666083037, 34.2344157580092], [-83.86806600680454, 34.23441517682695]]]}, "properties": {"OBJECTID": 183, "FNAME": null, "MNAME": null, "LNAME": null, "STATUS": null, "DEPARTMENT": null, "X": "10", "Y": "P", "CONCAT": null, "INFORMATION": null, "svcdatefromTXT": null, "svcdatetoTXT": null, "PLACEMENT": null, "BrickSize": "Full", "Coordinate": "P,10", "Shape_Length": 1.839910330713497, "Shape_Area": 0.17633534304887244}}, {"type": "Feature", "id": 184, "geometry": {"type": "Polygon", "coordinates": [[[-83.86806454161038, 34.234416640133624], [-83.86806386293875, 34.23441731737252], [-83.86806446443792, 34.234417898554774], [-83.86806514310953, 34.23441722131586], [-83.86806454161038, 34.234416640133624]]]}, "properties": {"OBJECTID": 184, "FNAME": null, "MNAME": null, "LNAME": null, "STATUS": null, "DEPARTMENT": null, "X": "11", "Y": "P", "CONCAT": null, "INFORMATION": null, "svcdatefromTXT": null, "svcdatetoTXT": null, "PLACEMENT": null, "BrickSize": "Half", "Coordinate": "P,11", "Shape_Length": 1.1990537766703802, "Shape_Area": 0.08818373600955974}}, {"type": "Feature", "id": 185, "geometry": {"type": "Polygon", "coordinates": [[[-83.86808063861335, 34.23440194116308], [-83.8680792812674, 34.23440329654265], [-83.86807988276338, 34.23440387862639], [-83.86808124011252, 34.234402522345256], [-83.86808063861335, 34.23440194116308]]]}, "properties": {"OBJECTID": 185, "FNAME": null, "MNAME": null, "LNAME": null, "STATUS": null, "DEPARTMENT": null, "X": "0", "Y": "Q", "CONCAT": null, "INFORMATION": null, "svcdatefromTXT": null, "svcdatetoTXT": null, "PLACEMENT": null, "BrickSize": "Full", "Coordinate": "Q,0", "Shape_Length": 1.8413398611928846, "Shape_Area": 0.17652430362606353}}, {"type": "Feature", "id": 186, "geometry": {"type": "Polygon", "coordinates": [[[-83.86807917124227, 34.234403406267795], [-83.86807781498815, 34.23440475984681], [-83.86807841648414, 34.23440534193057], [-83.86807977274144, 34.23440398744995], [-83.86807917124227, 34.234403406267795]]]}, "properties": {"OBJECTID": 186, "FNAME": null, "MNAME": null, "LNAME": null, "STATUS": null, "DEPARTMENT": null, "X": "1", "Y": "Q", "CONCAT": null, "INFORMATION": null, "svcdatefromTXT": null, "svcdatetoTXT": null, "PLACEMENT": null, "BrickSize": "Full", "Coordinate": "Q,1", "Shape_Length": 1.8399103193368296, "Shape_Area": 0.1763353408476801}}, {"type": "Feature", "id": 187, "geometry": {"type": "Polygon", "coordinates": [[[-83.86807770604854, 34.23440486957461], [-83.86807634761698, 34.2344062249515], [-83.86807694911298, 34.23440680703525], [-83.8680783075477, 34.234405450756796], [-83.86807770604854, 34.23440486957461]]]}, "properties": {"OBJECTID": 187, "FNAME": null, "MNAME": null, "LNAME": null, "STATUS": null, "DEPARTMENT": null, "X": "2", "Y": "Q", "CONCAT": null, "INFORMATION": null, "svcdatefromTXT": null, "svcdatetoTXT": null, "PLACEMENT": null, "BrickSize": "Full", "Coordinate": "Q,2", "Shape_Length": 1.8417579946388982, "Shape_Area": 0.17659356895626513}}, {"type": "Feature", "id": 188, "geometry": {"type": "Polygon", "coordinates": [[[-83.86807623867735, 34.23440633467928], [-83.86807488024576, 34.23440769005615], [-83.86807548174176, 34.23440827213992], [-83.86807684017651, 34.23440691586147], [-83.86807623867735, 34.23440633467928]]]}, "properties": {"OBJECTID": 188, "FNAME": "KIMBERLY", "MNAME": "", "LNAME": "SAVAGE", "STATUS": null, "DEPARTMENT": null, "X": "3", "Y": "Q", "CONCAT": "KIMBERLY SAVAGE", "INFORMATION": null, "svcdatefromTXT": "1989", "svcdatetoTXT": "2017", "PLACEMENT": null, "BrickSize": "Full", "Coordinate": "Q,3", "Shape_Length": 1.841757994700603, "Shape_Area": 0.17659356948425797}}, {"type": "Feature", "id": 189, "geometry": {"type": "Polygon", "coordinates": [[[-83.86807477239799, 34.23440779798343], [-83.86807341505187, 34.234409153362925], [-83.86807401654787, 34.2344097354467], [-83.86807537389717, 34.234408379165615], [-83.86807477239799, 34.23440779798343]]]}, "properties": {"OBJECTID": 189, "FNAME": "GAIL", "MNAME": "", "LNAME": "EMMETT", "STATUS": null, "DEPARTMENT": null, "X": "4", "Y": "Q", "CONCAT": "GAIL EMMETT", "INFORMATION": null, "svcdatefromTXT": "1998", "svcdatetoTXT": "2017", "PLACEMENT": null, "BrickSize": "Full", "Coordinate": "Q,4", "Shape_Length": 1.8413398498765967, "Shape_Area": 0.1765243019516418}}, {"type": "Feature", "id": 190, "geometry": {"type": "Polygon", "coordinates": [[[-83.86807330502673, 34.23440926308806], [-83.86807194877242, 34.23441061666704], [-83.86807255026842, 34.23441119875081], [-83.8680739065259, 34.23440984427026], [-83.86807330502673, 34.23440926308806]]]}, "properties": {"OBJECTID": 190, "FNAME": "DEBBRA", "MNAME": "", "LNAME": "PILGRIM", "STATUS": null, "DEPARTMENT": null, "X": "5", "Y": "Q", "CONCAT": "DEBBRA PILGRIM", "INFORMATION": null, "svcdatefromTXT": "1997", "svcdatetoTXT": "2015", "PLACEMENT": null, "BrickSize": "Full", "Coordinate": "Q,5", "Shape_Length": 1.8399103355845996, "Shape_Area": 0.1763353448889031}}, {"type": "Feature", "id": 191, "geometry": {"type": "Polygon", "coordinates": [[[-83.86807183983277, 34.23441072639481], [-83.86807048140105, 34.234412081771644], [-83.86807108289703, 34.23441266385543], [-83.86807244133196, 34.23441130757702], [-83.86807183983277, 34.23441072639481]]]}, "properties": {"OBJECTID": 191, "FNAME": "TOM", "MNAME": "", "LNAME": "BURNS", "STATUS": null, "DEPARTMENT": null, "X": "6", "Y": "Q", "CONCAT": "TOM BURNS", "INFORMATION": null, "svcdatefromTXT": "1991", "svcdatetoTXT": "2017", "PLACEMENT": null, "BrickSize": "Full", "Coordinate": "Q,6", "Shape_Length": 1.8417579947460712, "Shape_Area": 0.176593568111721}}, {"type": "Feature", "id": 192, "geometry": {"type": "Polygon", "coordinates": [[[-83.8680703724614, 34.23441219149943], [-83.86806901620702, 34.23441354507836], [-83.868069617703, 34.23441412716215], [-83.86807097396056, 34.23441277268162], [-83.8680703724614, 34.23441219149943]]]}, "properties": {"OBJECTID": 192, "FNAME": "NINA", "MNAME": "", "LNAME": "LAMSON", "STATUS": null, "DEPARTMENT": null, "X": "7", "Y": "Q", "CONCAT": "NINA LAMSON", "INFORMATION": null, "svcdatefromTXT": "2004", "svcdatetoTXT": "2016", "PLACEMENT": null, "BrickSize": "Full", "Coordinate": "Q,7", "Shape_Length": 1.8399103193976947, "Shape_Area": 0.17633534137445073}}, {"type": "Feature", "id": 193, "geometry": {"type": "Polygon", "coordinates": [[[-83.86806890618185, 34.23441365480349], [-83.86806754883553, 34.23441501018292], [-83.86806815033152, 34.234415592266714], [-83.86806950768101, 34.23441423598572], [-83.86806890618185, 34.23441365480349]]]}, "properties": {"OBJECTID": 193, "FNAME": null, "MNAME": null, "LNAME": null, "STATUS": null, "DEPARTMENT": null, "X": "8", "Y": "Q", "CONCAT": null, "INFORMATION": null, "svcdatefromTXT": null, "svcdatetoTXT": null, "PLACEMENT": null, "BrickSize": "Full", "Coordinate": "Q,8", "Shape_Length": 1.8413398611916527, "Shape_Area": 0.17652430362606353}}, {"type": "Feature", "id": 194, "geometry": {"type": "Polygon", "coordinates": [[[-83.86806743881036, 34.23441511990806], [-83.86806608255587, 34.23441647348695], [-83.86806668405187, 34.23441705557077], [-83.86806804030952, 34.23441570109029], [-83.86806743881036, 34.23441511990806]]]}, "properties": {"OBJECTID": 194, "FNAME": null, "MNAME": null, "LNAME": null, "STATUS": null, "DEPARTMENT": null, "X": "9", "Y": "Q", "CONCAT": null, "INFORMATION": null, "svcdatefromTXT": null, "svcdatetoTXT": null, "PLACEMENT": null, "BrickSize": "Full", "Coordinate": "Q,9", "Shape_Length": 1.839910335483304, "Shape_Area": 0.1763353457310028}}, {"type": "Feature", "id": 195, "geometry": {"type": "Polygon", "coordinates": [[[-83.86806597361621, 34.23441658321474], [-83.8680646151843, 34.23441793859149], [-83.8680652166803, 34.2344185206753], [-83.86806657511221, 34.23441716529854], [-83.86806597361621, 34.23441658321474]]]}, "properties": {"OBJECTID": 195, "FNAME": null, "MNAME": null, "LNAME": null, "STATUS": null, "DEPARTMENT": null, "X": "10", "Y": "Q", "CONCAT": null, "INFORMATION": null, "svcdatefromTXT": null, "svcdatetoTXT": null, "PLACEMENT": null, "BrickSize": "Full", "Coordinate": "Q,10", "Shape_Length": 1.8417534347507893, "Shape_Area": 0.17663075678012277}}, {"type": "Feature", "id": 196, "geometry": {"type": "Polygon", "coordinates": [[[-83.86808133747776, 34.2344026163469], [-83.86808065880638, 34.23440329358591], [-83.86808126030238, 34.23440387566964], [-83.86808193897376, 34.23440319843063], [-83.86808133747776, 34.2344026163469]]]}, "properties": {"OBJECTID": 196, "FNAME": null, "MNAME": null, "LNAME": null, "STATUS": null, "DEPARTMENT": null, "X": "0", "Y": "R", "CONCAT": null, "INFORMATION": null, "svcdatefromTXT": null, "svcdatetoTXT": null, "PLACEMENT": null, "BrickSize": "Half", "Coordinate": "R,0", "Shape_Length": 1.1995502926617572, "Shape_Area": 0.08825079628469085}}, {"type": "Feature", "id": 197, "geometry": {"type": "Polygon", "coordinates": [[[-83.86808060324788, 34.234403349348725], [-83.86807924590191, 34.234404704728284], [-83.86807984631241, 34.23440528680938], [-83.86808120474706, 34.234403930530874], [-83.86808060324788, 34.234403349348725]]]}, "properties": {"OBJECTID": 197, "FNAME": null, "MNAME": null, "LNAME": null, "STATUS": null, "DEPARTMENT": null, "X": "1", "Y": "R", "CONCAT": null, "INFORMATION": null, "svcdatefromTXT": null, "svcdatetoTXT": null, "PLACEMENT": null, "BrickSize": "Full", "Coordinate": "R,1", "Shape_Length": 1.8413345848268947, "Shape_Area": 0.1764778021498732}}, {"type": "Feature", "id": 198, "geometry": {"type": "Polygon", "coordinates": [[[-83.86807913805416, 34.23440481265557], [-83.86807777962264, 34.234406168032486], [-83.86807838111865, 34.23440675011622], [-83.86807973955335, 34.23440539383775], [-83.86807913805416, 34.23440481265557]]]}, "properties": {"OBJECTID": 198, "FNAME": null, "MNAME": null, "LNAME": null, "STATUS": null, "DEPARTMENT": null, "X": "2", "Y": "R", "CONCAT": null, "INFORMATION": null, "svcdatefromTXT": null, "svcdatetoTXT": null, "PLACEMENT": null, "BrickSize": "Full", "Coordinate": "R,2", "Shape_Length": 1.841757994700603, "Shape_Area": 0.17659356948425797}}, {"type": "Feature", "id": 199, "geometry": {"type": "Polygon", "coordinates": [[[-83.86807767068301, 34.234406277760264], [-83.86807631442883, 34.234407631339266], [-83.86807691592485, 34.23440821342303], [-83.86807827218219, 34.23440685894244], [-83.86807767068301, 34.234406277760264]]]}, "properties": {"OBJECTID": 199, "FNAME": null, "MNAME": null, "LNAME": null, "STATUS": null, "DEPARTMENT": null, "X": "3", "Y": "R", "CONCAT": null, "INFORMATION": null, "svcdatefromTXT": null, "svcdatetoTXT": null, "PLACEMENT": null, "BrickSize": "Full", "Coordinate": "R,3", "Shape_Length": 1.8399103241013428, "Shape_Area": 0.1763353435298104}}, {"type": "Feature", "id": 200, "geometry": {"type": "Polygon", "coordinates": [[[-83.86807620440369, 34.23440774106443], [-83.86807484705758, 34.23440909644394], [-83.8680754485536, 34.2344096785277], [-83.86807680590287, 34.2344083222466], [-83.86807620440369, 34.23440774106443]]]}, "properties": {"OBJECTID": 200, "FNAME": "CLARA", "MNAME": "", "LNAME": "PHELPS", "STATUS": null, "DEPARTMENT": null, "X": "4", "Y": "R", "CONCAT": "CLARA PHELPS", "INFORMATION": null, "svcdatefromTXT": "1970", "svcdatetoTXT": "1994", "PLACEMENT": null, "BrickSize": "Full", "Coordinate": "R,4", "Shape_Length": 1.8413398498765967, "Shape_Area": 0.1765243019516418}}, {"type": "Feature", "id": 201, "geometry": {"type": "Polygon", "coordinates": [[[-83.86807473703243, 34.23440920616906], [-83.86807338077816, 34.23441055974807], [-83.86807398227417, 34.23441114183184], [-83.86807533853161, 34.23440978735127], [-83.86807473703243, 34.23440920616906]]]}, "properties": {"OBJECTID": 201, "FNAME": "ROYCE", "MNAME": "", "LNAME": "DELONG", "STATUS": null, "DEPARTMENT": null, "X": "5", "Y": "R", "CONCAT": "ROYCE DELONG", "INFORMATION": null, "svcdatefromTXT": "2005", "svcdatetoTXT": "2014", "PLACEMENT": null, "BrickSize": "Full", "Coordinate": "R,5", "Shape_Length": 1.839910330713497, "Shape_Area": 0.17633534304887244}}, {"type": "Feature", "id": 202, "geometry": {"type": "Polygon", "coordinates": [[[-83.86807326966111, 34.23441067127371], [-83.8680719134068, 34.23441202485268], [-83.8680725149028, 34.23441260693647], [-83.86807387116032, 34.23441125245592], [-83.86807326966111, 34.23441067127371]]]}, "properties": {"OBJECTID": 202, "FNAME": "JOY", "MNAME": "", "LNAME": "EVANS", "STATUS": null, "DEPARTMENT": null, "X": "6", "Y": "R", "CONCAT": "JOY EVANS", "INFORMATION": null, "svcdatefromTXT": "1992", "svcdatetoTXT": "2014", "PLACEMENT": null, "BrickSize": "Full", "Coordinate": "R,6", "Shape_Length": 1.839910335483304, "Shape_Area": 0.1763353457310028}}, {"type": "Feature", "id": 203, "geometry": {"type": "Polygon", "coordinates": [[[-83.86807180446715, 34.23441213458047], [-83.8680704460354, 34.234413489957284], [-83.86807104753142, 34.234414072041055], [-83.86807240596634, 34.234412715762666], [-83.86807180446715, 34.23441213458047]]]}, "properties": {"OBJECTID": 203, "FNAME": "DONNA", "MNAME": "", "LNAME": "GRIZZLE", "STATUS": null, "DEPARTMENT": null, "X": "7", "Y": "R", "CONCAT": "DONNA GRIZZLE", "INFORMATION": null, "svcdatefromTXT": "1985", "svcdatetoTXT": "2015", "PLACEMENT": null, "BrickSize": "Full", "Coordinate": "R,7", "Shape_Length": 1.841757983324582, "Shape_Area": 0.17659356728062117}}, {"type": "Feature", "id": 204, "geometry": {"type": "Polygon", "coordinates": [[[-83.86807033818764, 34.23441359788455], [-83.86806898084134, 34.234414953264], [-83.86806958233734, 34.234415535347786], [-83.86807093968682, 34.23441417906676], [-83.86807033818764, 34.23441359788455]]]}, "properties": {"OBJECTID": 204, "FNAME": null, "MNAME": null, "LNAME": null, "STATUS": null, "DEPARTMENT": null, "X": "8", "Y": "R", "CONCAT": null, "INFORMATION": null, "svcdatefromTXT": null, "svcdatetoTXT": null, "PLACEMENT": null, "BrickSize": "Full", "Coordinate": "R,8", "Shape_Length": 1.8413398612544887, "Shape_Area": 0.17652430415405637}}, {"type": "Feature", "id": 205, "geometry": {"type": "Polygon", "coordinates": [[[-83.86806887081617, 34.23441506298913], [-83.86806751346982, 34.234416418368546], [-83.86806811496585, 34.23441700045236], [-83.86806947231217, 34.234415645072914], [-83.86806887081617, 34.23441506298913]]]}, "properties": {"OBJECTID": 205, "FNAME": null, "MNAME": null, "LNAME": null, "STATUS": null, "DEPARTMENT": null, "X": "9", "Y": "R", "CONCAT": null, "INFORMATION": null, "svcdatefromTXT": null, "svcdatetoTXT": null, "PLACEMENT": null, "BrickSize": "Full", "Coordinate": "R,9", "Shape_Length": 1.8413352303152024, "Shape_Area": 0.17656143983385353}}, {"type": "Feature", "id": 206, "geometry": {"type": "Polygon", "coordinates": [[[-83.86806740344466, 34.2344165280937], [-83.86806604719015, 34.2344178816726], [-83.86806664868617, 34.23441846375639], [-83.86806800494068, 34.234417110177496], [-83.86806740344466, 34.2344165280937]]]}, "properties": {"OBJECTID": 206, "FNAME": null, "MNAME": null, "LNAME": null, "STATUS": null, "DEPARTMENT": null, "X": "10", "Y": "R", "CONCAT": null, "INFORMATION": null, "svcdatefromTXT": null, "svcdatetoTXT": null, "PLACEMENT": null, "BrickSize": "Full", "Coordinate": "R,10", "Shape_Length": 1.8399057471307172, "Shape_Area": 0.17637242454780339}}, {"type": "Feature", "id": 207, "geometry": {"type": "Polygon", "coordinates": [[[-83.8680659382505, 34.23441799140036], [-83.86806525957888, 34.23441866863929], [-83.86806586107807, 34.234419249821514], [-83.86806653974651, 34.23441857348417], [-83.8680659382505, 34.23441799140036]]]}, "properties": {"OBJECTID": 207, "FNAME": null, "MNAME": null, "LNAME": null, "STATUS": null, "DEPARTMENT": null, "X": "11", "Y": "R", "CONCAT": null, "INFORMATION": null, "svcdatefromTXT": null, "svcdatetoTXT": null, "PLACEMENT": null, "BrickSize": "Half", "Coordinate": "R,11", "Shape_Length": 1.1990493211234206, "Shape_Area": 0.08818734270952563}}, {"type": "Feature", "id": 208, "geometry": {"type": "Polygon", "coordinates": [[[-83.86808203525348, 34.234403292429654], [-83.86808067790754, 34.23440464780923], [-83.8680812804827, 34.23440523169875], [-83.86808263891734, 34.234403875420234], [-83.86808203525348, 34.234403292429654]]]}, "properties": {"OBJECTID": 208, "FNAME": null, "MNAME": null, "LNAME": null, "STATUS": null, "DEPARTMENT": null, "X": "0", "Y": "S", "CONCAT": null, "INFORMATION": null, "svcdatefromTXT": null, "svcdatetoTXT": null, "PLACEMENT": null, "BrickSize": "Full", "Coordinate": "S,0", "Shape_Length": 1.8431855375153092, "Shape_Area": 0.17707067462058954}}, {"type": "Feature", "id": 209, "geometry": {"type": "Polygon", "coordinates": [[[-83.86808056788242, 34.23440475753437], [-83.86807921162831, 34.23440611111344], [-83.86807981528897, 34.23440669500561], [-83.86808117046075, 34.23440534052233], [-83.86808056788242, 34.23440475753437]]]}, "properties": {"OBJECTID": 209, "FNAME": null, "MNAME": null, "LNAME": null, "STATUS": null, "DEPARTMENT": null, "X": "1", "Y": "S", "CONCAT": null, "INFORMATION": null, "svcdatefromTXT": null, "svcdatetoTXT": null, "PLACEMENT": null, "BrickSize": "Full", "Coordinate": "S,1", "Shape_Length": 1.841337816467302, "Shape_Area": 0.17681169876278668}}, {"type": "Feature", "id": 210, "geometry": {"type": "Polygon", "coordinates": [[[-83.86807910268867, 34.234406220841215], [-83.86807774425712, 34.2344075762181], [-83.86807834683228, 34.23440816010766], [-83.86807970526702, 34.234406803829195], [-83.86807910268867, 34.234406220841215]]]}, "properties": {"OBJECTID": 210, "FNAME": null, "MNAME": null, "LNAME": null, "STATUS": null, "DEPARTMENT": null, "X": "2", "Y": "S", "CONCAT": null, "INFORMATION": null, "svcdatefromTXT": null, "svcdatetoTXT": null, "PLACEMENT": null, "BrickSize": "Full", "Coordinate": "S,2", "Shape_Length": 1.8431801199973863, "Shape_Area": 0.1770242862941223}}, {"type": "Feature", "id": 211, "geometry": {"type": "Polygon", "coordinates": [[[-83.86807763531749, 34.234407685945904], [-83.8680762768859, 34.234409041322785], [-83.86807687946107, 34.23440962521233], [-83.86807823789583, 34.23440826893387], [-83.86807763531749, 34.234407685945904]]]}, "properties": {"OBJECTID": 211, "FNAME": "SUSAN", "MNAME": "", "LNAME": "DANIELL", "STATUS": null, "DEPARTMENT": null, "X": "3", "Y": "S", "CONCAT": "SUSAN DANIELL", "INFORMATION": null, "svcdatefromTXT": "1994", "svcdatetoTXT": "2014", "PLACEMENT": null, "BrickSize": "Full", "Coordinate": "S,3", "Shape_Length": 1.8431801039069171, "Shape_Area": 0.177024281930237}}, {"type": "Feature", "id": 212, "geometry": {"type": "Polygon", "coordinates": [[[-83.86807616903813, 34.23440914925007], [-83.86807481169201, 34.23441050462958], [-83.86807541426718, 34.23441108851913], [-83.86807677270201, 34.234409732240685], [-83.86807616903813, 34.23440914925007]]]}, "properties": {"OBJECTID": 212, "FNAME": "WILLIAM", "MNAME": "", "LNAME": "STRICKLAND", "STATUS": null, "DEPARTMENT": null, "X": "4", "Y": "S", "CONCAT": "WILLIAM STRICKLAND", "INFORMATION": null, "svcdatefromTXT": "1987", "svcdatetoTXT": "2014", "PLACEMENT": null, "BrickSize": "Full", "Coordinate": "S,4", "Shape_Length": 1.8431855537033375, "Shape_Area": 0.17707067814115293}}, {"type": "Feature", "id": 213, "geometry": {"type": "Polygon", "coordinates": [[[-83.86807470166687, 34.234410614354715], [-83.86807334541257, 34.234411967933696], [-83.86807394907325, 34.234412551825926], [-83.86807530533072, 34.23441119734536], [-83.86807470166687, 34.234410614354715]]]}, "properties": {"OBJECTID": 213, "FNAME": "MARY", "MNAME": "", "LNAME": "MAYHEW", "STATUS": null, "DEPARTMENT": null, "X": "5", "Y": "S", "CONCAT": "MARY MAYHEW", "INFORMATION": null, "svcdatefromTXT": "1987", "svcdatetoTXT": "2014", "PLACEMENT": null, "BrickSize": "Full", "Coordinate": "S,5", "Shape_Length": 1.8417613487545301, "Shape_Area": 0.17692746473441218}}, {"type": "Feature", "id": 214, "geometry": {"type": "Polygon", "coordinates": [[[-83.86807323647292, 34.23441207766148], [-83.86807187804119, 34.23441343303832], [-83.86807248061635, 34.234414016927886], [-83.86807383905126, 34.234412660649475], [-83.86807323647292, 34.23441207766148]]]}, "properties": {"OBJECTID": 214, "FNAME": "DELBERT", "MNAME": "", "LNAME": "GREEAR", "STATUS": null, "DEPARTMENT": null, "X": "6", "Y": "S", "CONCAT": "DELBERT GREEAR", "INFORMATION": null, "svcdatefromTXT": "1992", "svcdatetoTXT": "2014", "PLACEMENT": null, "BrickSize": "Full", "Coordinate": "S,6", "Shape_Length": 1.8431801153459721, "Shape_Area": 0.17702428466186665}}, {"type": "Feature", "id": 215, "geometry": {"type": "Polygon", "coordinates": [[[-83.86807176910155, 34.23441354276609], [-83.86807041284716, 34.234414896345044], [-83.86807101542233, 34.23441548023464], [-83.86807237167989, 34.2344141257541], [-83.86807176910155, 34.23441354276609]]]}, "properties": {"OBJECTID": 215, "FNAME": "KATHERYN", "MNAME": "", "LNAME": "HUNT", "STATUS": null, "DEPARTMENT": null, "X": "7", "Y": "S", "CONCAT": "KATHERYN HUNT", "INFORMATION": null, "svcdatefromTXT": "1983", "svcdatetoTXT": "2014", "PLACEMENT": null, "BrickSize": "Full", "Coordinate": "S,7", "Shape_Length": 1.8413324561318118, "Shape_Area": 0.17676541507826898}}, {"type": "Feature", "id": 216, "geometry": {"type": "Polygon", "coordinates": [[[-83.86807030282199, 34.234415006070186], [-83.86806894547568, 34.234416361449625], [-83.86806954805084, 34.23441694533923], [-83.86807090648584, 34.23441558906082], [-83.86807030282199, 34.234415006070186]]]}, "properties": {"OBJECTID": 216, "FNAME": null, "MNAME": null, "LNAME": null, "STATUS": null, "DEPARTMENT": null, "X": "8", "Y": "S", "CONCAT": null, "INFORMATION": null, "svcdatefromTXT": null, "svcdatetoTXT": null, "PLACEMENT": null, "BrickSize": "Full", "Coordinate": "S,8", "Shape_Length": 1.8431855488997608, "Shape_Area": 0.17707067682544855}}, {"type": "Feature", "id": 217, "geometry": {"type": "Polygon", "coordinates": [[[-83.8680688354505, 34.234416471174754], [-83.86806747919603, 34.2344178247537], [-83.8680680828567, 34.23441840864593], [-83.86806943911438, 34.23441705416543], [-83.8680688354505, 34.234416471174754]]]}, "properties": {"OBJECTID": 217, "FNAME": null, "MNAME": null, "LNAME": null, "STATUS": null, "DEPARTMENT": null, "X": "9", "Y": "S", "CONCAT": null, "INFORMATION": null, "svcdatefromTXT": null, "svcdatetoTXT": null, "PLACEMENT": null, "BrickSize": "Full", "Coordinate": "S,9", "Shape_Length": 1.8417613537294677, "Shape_Area": 0.17692746573478751}}, {"type": "Feature", "id": 218, "geometry": {"type": "Polygon", "coordinates": [[[-83.86806737025637, 34.23441793448147], [-83.86806601182444, 34.23441928985824], [-83.86806661548512, 34.23441987375048], [-83.86806797283471, 34.234418517469486], [-83.86806737025637, 34.23441793448147]]]}, "properties": {"OBJECTID": 218, "FNAME": null, "MNAME": null, "LNAME": null, "STATUS": null, "DEPARTMENT": null, "X": "10", "Y": "S", "CONCAT": null, "INFORMATION": null, "svcdatefromTXT": null, "svcdatetoTXT": null, "PLACEMENT": null, "BrickSize": "Full", "Coordinate": "S,10", "Shape_Length": 1.8431854457286287, "Shape_Area": 0.17707067761438228}}, {"type": "Feature", "id": 219, "geometry": {"type": "Polygon", "coordinates": [[[-83.86808273519706, 34.23440396941926], [-83.86808205761122, 34.2344046466609], [-83.86808265911041, 34.234405227843055], [-83.8680833366931, 34.23440455150299], [-83.86808273519706, 34.23440396941926]]]}, "properties": {"OBJECTID": 219, "FNAME": null, "MNAME": null, "LNAME": null, "STATUS": null, "DEPARTMENT": null, "X": "0", "Y": "T", "CONCAT": null, "INFORMATION": null, "svcdatefromTXT": null, "svcdatetoTXT": null, "PLACEMENT": null, "BrickSize": "Half", "Coordinate": "T,0", "Shape_Length": 1.1986310744695845, "Shape_Area": 0.08811807752782203}}, {"type": "Feature", "id": 220, "geometry": {"type": "Polygon", "coordinates": [[[-83.86808200205589, 34.23440470152215], [-83.86808064362123, 34.23440605780067], [-83.86808124511725, 34.234406639884405], [-83.86808260246639, 34.234405283603245], [-83.86808200205589, 34.23440470152215]]]}, "properties": {"OBJECTID": 220, "FNAME": null, "MNAME": null, "LNAME": null, "STATUS": null, "DEPARTMENT": null, "X": "1", "Y": "T", "CONCAT": null, "INFORMATION": null, "svcdatefromTXT": null, "svcdatetoTXT": null, "PLACEMENT": null, "BrickSize": "Full", "Coordinate": "T,1", "Shape_Length": 1.8418357267850873, "Shape_Area": 0.17657478494869966}}, {"type": "Feature", "id": 221, "geometry": {"type": "Polygon", "coordinates": [[[-83.86808053577667, 34.23440616482637], [-83.86807917842748, 34.2344075211075], [-83.86807977883798, 34.23440810318861], [-83.8680811372727, 34.2344067469101], [-83.86808053577667, 34.23440616482637]]]}, "properties": {"OBJECTID": 221, "FNAME": null, "MNAME": null, "LNAME": null, "STATUS": null, "DEPARTMENT": null, "X": "2", "Y": "T", "CONCAT": null, "INFORMATION": null, "svcdatefromTXT": null, "svcdatetoTXT": null, "PLACEMENT": null, "BrickSize": "Full", "Coordinate": "T,2", "Shape_Length": 1.8418357381707335, "Shape_Area": 0.17657478715111427}}, {"type": "Feature", "id": 222, "geometry": {"type": "Polygon", "coordinates": [[[-83.86807906840549, 34.23440762993107], [-83.86807771214814, 34.234408984411694], [-83.86807831364418, 34.23440956649544], [-83.86807966990153, 34.23440821201481], [-83.86807906840549, 34.23440762993107]]]}, "properties": {"OBJECTID": 222, "FNAME": "DAVID", "MNAME": "C.", "LNAME": "JOHNSTON", "STATUS": null, "DEPARTMENT": null, "X": "3", "Y": "T", "CONCAT": "DAVID C. JOHNSTON", "INFORMATION": null, "svcdatefromTXT": "1989", "svcdatetoTXT": "2015", "PLACEMENT": null, "BrickSize": "Full", "Coordinate": "T,3", "Shape_Length": 1.8404114123582702, "Shape_Area": 0.17643227219482557}}, {"type": "Feature", "id": 223, "geometry": {"type": "Polygon", "coordinates": [[[-83.8680776032117, 34.234409093237886], [-83.8680762447769, 34.23441044951636], [-83.86807684627291, 34.23441103160012], [-83.86807820470771, 34.23440967532166], [-83.8680776032117, 34.234409093237886]]]}, "properties": {"OBJECTID": 223, "FNAME": "SARA", "MNAME": "U.", "LNAME": "BURNS", "STATUS": null, "DEPARTMENT": null, "X": "4", "Y": "T", "CONCAT": "SARA U. BURNS", "INFORMATION": null, "svcdatefromTXT": "2004", "svcdatetoTXT": "2015", "PLACEMENT": null, "BrickSize": "Full", "Coordinate": "T,4", "Shape_Length": 1.8422590542923378, "Shape_Area": 0.17669060610278892}}, {"type": "Feature", "id": 224, "geometry": {"type": "Polygon", "coordinates": [[[-83.86807613583726, 34.234410559244154], [-83.86807477958298, 34.23441191282314], [-83.86807538107901, 34.234412494906906], [-83.86807673733647, 34.23441114042631], [-83.86807613583726, 34.234410559244154]]]}, "properties": {"OBJECTID": 224, "FNAME": "J.", "MNAME": "BOB", "LNAME": "HOWINGTON", "STATUS": null, "DEPARTMENT": null, "X": "5", "Y": "T", "CONCAT": "J. BOB HOWINGTON", "INFORMATION": null, "svcdatefromTXT": "1968", "svcdatetoTXT": "2004", "PLACEMENT": null, "BrickSize": "Full", "Coordinate": "T,5", "Shape_Length": 1.8399103242079322, "Shape_Area": 0.1763353426877107}}, {"type": "Feature", "id": 225, "geometry": {"type": "Polygon", "coordinates": [[[-83.86807466846597, 34.2344120243488], [-83.86807331221164, 34.23441337792778], [-83.86807391262215, 34.2344139600089], [-83.86807526887964, 34.23441260552834], [-83.86807466846597, 34.2344120243488]]]}, "properties": {"OBJECTID": 225, "FNAME": "FRANCES", "MNAME": "", "LNAME": "MEADOWS", "STATUS": null, "DEPARTMENT": null, "X": "6", "Y": "T", "CONCAT": "FRANCES MEADOWS", "INFORMATION": null, "svcdatefromTXT": "1969", "svcdatetoTXT": "2000", "PLACEMENT": null, "BrickSize": "Full", "Coordinate": "T,6", "Shape_Length": 1.8394815473214141, "Shape_Area": 0.17617329171830753}}, {"type": "Feature", "id": 226, "geometry": {"type": "Polygon", "coordinates": [[[-83.86807320218648, 34.23441348765292], [-83.86807184484023, 34.234414843032404], [-83.86807244525075, 34.23441542511354], [-83.86807380368569, 34.23441406883512], [-83.86807320218648, 34.23441348765292]]]}, "properties": {"OBJECTID": 226, "FNAME": "PAULA", "MNAME": "", "LNAME": "ARCKIVY", "STATUS": null, "DEPARTMENT": null, "X": "7", "Y": "T", "CONCAT": "PAULA ARCKIVY", "INFORMATION": null, "svcdatefromTXT": "2002", "svcdatetoTXT": "2016", "PLACEMENT": null, "BrickSize": "Full", "Coordinate": "T,7", "Shape_Length": 1.841334596146825, "Shape_Area": 0.17647780382429493}}, {"type": "Feature", "id": 227, "geometry": {"type": "Polygon", "coordinates": [[[-83.86807173699246, 34.234414950959675], [-83.86807037856066, 34.23441630633648], [-83.86807098005669, 34.23441688842026], [-83.86807233849167, 34.234415532141874], [-83.86807173699246, 34.234414950959675]]]}, "properties": {"OBJECTID": 227, "FNAME": null, "MNAME": null, "LNAME": null, "STATUS": null, "DEPARTMENT": null, "X": "8", "Y": "T", "CONCAT": null, "INFORMATION": null, "svcdatefromTXT": null, "svcdatetoTXT": null, "PLACEMENT": null, "BrickSize": "Full", "Coordinate": "T,8", "Shape_Length": 1.8417579832641087, "Shape_Area": 0.17659356675262833}}, {"type": "Feature", "id": 228, "geometry": {"type": "Polygon", "coordinates": [[[-83.86807026962101, 34.234416416064256], [-83.86806891118916, 34.23441777144106], [-83.86806951268518, 34.23441835352486], [-83.8680708711202, 34.23441699724648], [-83.86807026962101, 34.234416416064256]]]}, "properties": {"OBJECTID": 228, "FNAME": null, "MNAME": null, "LNAME": null, "STATUS": null, "DEPARTMENT": null, "X": "9", "Y": "T", "CONCAT": null, "INFORMATION": null, "svcdatefromTXT": null, "svcdatetoTXT": null, "PLACEMENT": null, "BrickSize": "Full", "Coordinate": "T,9", "Shape_Length": 1.8417579946388982, "Shape_Area": 0.17659356895626513}}, {"type": "Feature", "id": 229, "geometry": {"type": "Polygon", "coordinates": [[[-83.8680688022495, 34.234417881168845], [-83.86806744599498, 34.234419234747776], [-83.86806804749102, 34.234419816831576], [-83.8680694026632, 34.23441846234842], [-83.8680688022495, 34.234417881168845]]]}, "properties": {"OBJECTID": 229, "FNAME": null, "MNAME": null, "LNAME": null, "STATUS": null, "DEPARTMENT": null, "X": "10", "Y": "T", "CONCAT": null, "INFORMATION": null, "svcdatefromTXT": null, "svcdatetoTXT": null, "PLACEMENT": null, "BrickSize": "Full", "Coordinate": "T,10", "Shape_Length": 1.8394868631623182, "Shape_Area": 0.1762196873951196}}, {"type": "Feature", "id": 230, "geometry": {"type": "Polygon", "coordinates": [[[-83.86806733596981, 34.234419344472904], [-83.8680666583869, 34.23442002081289], [-83.86806725988292, 34.2344206028967], [-83.86806793746904, 34.23441992565512], [-83.86806733596981, 34.234419344472904]]]}, "properties": {"OBJECTID": 230, "FNAME": null, "MNAME": null, "LNAME": null, "STATUS": null, "DEPARTMENT": null, "X": "11", "Y": "T", "CONCAT": null, "INFORMATION": null, "svcdatefromTXT": null, "svcdatetoTXT": null, "PLACEMENT": null, "BrickSize": "Half", "Coordinate": "T,11", "Shape_Length": 1.1986310745780466, "Shape_Area": 0.08811807744715645}}, {"type": "Feature", "id": 231, "geometry": {"type": "Polygon", "coordinates": [[[-83.86808343406152, 34.23440464460307], [-83.86808207562689, 34.2344060008816], [-83.86808267712291, 34.23440658296533], [-83.86808403447203, 34.234405226684146], [-83.86808343406152, 34.23440464460307]]]}, "properties": {"OBJECTID": 231, "FNAME": null, "MNAME": null, "LNAME": null, "STATUS": null, "DEPARTMENT": null, "X": "0", "Y": "U", "CONCAT": null, "INFORMATION": null, "svcdatefromTXT": null, "svcdatetoTXT": null, "PLACEMENT": null, "BrickSize": "Full", "Coordinate": "U,0", "Shape_Length": 1.8418357267850873, "Shape_Area": 0.17657478494869966}}, {"type": "Feature", "id": 232, "geometry": {"type": "Polygon", "coordinates": [[[-83.86808196669044, 34.2344061097078], [-83.86808061043315, 34.23440746418845], [-83.86808121084367, 34.23440804626953], [-83.86808256710097, 34.234406691788884], [-83.86808196669044, 34.2344061097078]]]}, "properties": {"OBJECTID": 232, "FNAME": null, "MNAME": null, "LNAME": null, "STATUS": null, "DEPARTMENT": null, "X": "1", "Y": "U", "CONCAT": null, "INFORMATION": null, "svcdatefromTXT": null, "svcdatetoTXT": null, "PLACEMENT": null, "BrickSize": "Full", "Coordinate": "U,1", "Shape_Length": 1.8399828311801194, "Shape_Area": 0.17627016871897794}}, {"type": "Feature", "id": 233, "geometry": {"type": "Polygon", "coordinates": [[[-83.86808050041118, 34.23440757301202], [-83.86807914306199, 34.23440892929316], [-83.8680797434725, 34.23440951137426], [-83.86808110190724, 34.23440815509575], [-83.86808050041118, 34.23440757301202]]]}, "properties": {"OBJECTID": 233, "FNAME": null, "MNAME": null, "LNAME": null, "STATUS": null, "DEPARTMENT": null, "X": "2", "Y": "U", "CONCAT": null, "INFORMATION": null, "svcdatefromTXT": null, "svcdatetoTXT": null, "PLACEMENT": null, "BrickSize": "Full", "Coordinate": "U,2", "Shape_Length": 1.841835726843049, "Shape_Area": 0.1765747854766925}}, {"type": "Feature", "id": 234, "geometry": {"type": "Polygon", "coordinates": [[[-83.86807903303682, 34.234409039018296], [-83.86807767569076, 34.23441039439785], [-83.86807827610127, 34.234410976478955], [-83.86807963453604, 34.23440962020047], [-83.86807903303682, 34.234409039018296]]]}, "properties": {"OBJECTID": 234, "FNAME": "JOAN", "MNAME": "", "LNAME": "MARLER", "STATUS": null, "DEPARTMENT": null, "X": "3", "Y": "U", "CONCAT": "JOAN MARLER", "INFORMATION": null, "svcdatefromTXT": "1995", "svcdatetoTXT": "2015", "PLACEMENT": null, "BrickSize": "Full", "Coordinate": "U,3", "Shape_Length": 1.841334596146825, "Shape_Area": 0.17647780382429493}}, {"type": "Feature", "id": 235, "geometry": {"type": "Polygon", "coordinates": [[[-83.86807756784299, 34.23441050232513], [-83.86807620941136, 34.23441185770199], [-83.86807681090738, 34.23441243978575], [-83.86807816934221, 34.23441108350729], [-83.86807756784299, 34.23441050232513]]]}, "properties": {"OBJECTID": 235, "FNAME": "BEA", "MNAME": "", "LNAME": "CHAPMAN", "STATUS": null, "DEPARTMENT": null, "X": "4", "Y": "U", "CONCAT": "BEA CHAPMAN", "INFORMATION": null, "svcdatefromTXT": "1989", "svcdatetoTXT": "2015", "PLACEMENT": null, "BrickSize": "Full", "Coordinate": "U,4", "Shape_Length": 1.8417579832641087, "Shape_Area": 0.17659356675262833}}, {"type": "Feature", "id": 236, "geometry": {"type": "Polygon", "coordinates": [[[-83.86807610047173, 34.23441196742978], [-83.86807474421742, 34.234413321008795], [-83.86807534462794, 34.234413903089916], [-83.86807670088541, 34.23441254860933], [-83.86807610047173, 34.23441196742978]]]}, "properties": {"OBJECTID": 236, "FNAME": "JACKIE", "MNAME": "P.", "LNAME": "MAULDIN", "STATUS": null, "DEPARTMENT": null, "X": "5", "Y": "U", "CONCAT": "JACKIE P. MAULDIN", "INFORMATION": null, "svcdatefromTXT": "1989", "svcdatetoTXT": "2016", "PLACEMENT": null, "BrickSize": "Full", "Coordinate": "U,5", "Shape_Length": 1.8394815586440658, "Shape_Area": 0.17617329339150709}}, {"type": "Feature", "id": 237, "geometry": {"type": "Polygon", "coordinates": [[[-83.86807463419227, 34.23441343073394], [-83.86807327684603, 34.23441478611344], [-83.86807387725656, 34.234415368194554], [-83.86807523569148, 34.23441401191611], [-83.86807463419227, 34.23441343073394]]]}, "properties": {"OBJECTID": 237, "FNAME": "WILLIAM", "MNAME": "", "LNAME": "WILBORN", "STATUS": null, "DEPARTMENT": null, "X": "6", "Y": "U", "CONCAT": "WILLIAM WILBORN", "INFORMATION": null, "svcdatefromTXT": "1975", "svcdatetoTXT": "2005", "PLACEMENT": null, "BrickSize": "Full", "Coordinate": "U,6", "Shape_Length": 1.8413345962478922, "Shape_Area": 0.1764778029797508}}, {"type": "Feature", "id": 238, "geometry": {"type": "Polygon", "coordinates": [[[-83.86807316682088, 34.23441489583857], [-83.86807181056649, 34.23441624941754], [-83.86807241206252, 34.234416831501306], [-83.86807376832009, 34.23441547702077], [-83.86807316682088, 34.23441489583857]]]}, "properties": {"OBJECTID": 238, "FNAME": "TOM", "MNAME": "", "LNAME": "WALTER", "STATUS": null, "DEPARTMENT": null, "X": "7", "Y": "U", "CONCAT": "TOM WALTER", "INFORMATION": null, "svcdatefromTXT": "1989", "svcdatetoTXT": "2018", "PLACEMENT": null, "BrickSize": "Full", "Coordinate": "U,7", "Shape_Length": 1.8399103242079322, "Shape_Area": 0.1763353426877107}}, {"type": "Feature", "id": 239, "geometry": {"type": "Polygon", "coordinates": [[[-83.86807170162685, 34.234416359145314], [-83.86807034319501, 34.23441771452213], [-83.86807094469106, 34.23441829660591], [-83.86807230312606, 34.234416940327534], [-83.86807170162685, 34.234416359145314]]]}, "properties": {"OBJECTID": 239, "FNAME": "RANDALL", "MNAME": "", "LNAME": "PARISH", "STATUS": null, "DEPARTMENT": null, "X": "8", "Y": "U", "CONCAT": "RANDALL PARISH", "INFORMATION": null, "svcdatefromTXT": "2006", "svcdatetoTXT": "2018", "PLACEMENT": null, "BrickSize": "Full", "Coordinate": "U,8", "Shape_Length": 1.841757994700603, "Shape_Area": 0.17659356948425797}}, {"type": "Feature", "id": 240, "geometry": {"type": "Polygon", "coordinates": [[[-83.86807023425536, 34.23441782424991], [-83.86806887800088, 34.23441917782884], [-83.86806947949691, 34.234419759912626], [-83.86807083466907, 34.23441840542949], [-83.86807023425536, 34.23441782424991]]]}, "properties": {"OBJECTID": 240, "FNAME": null, "MNAME": null, "LNAME": null, "STATUS": null, "DEPARTMENT": null, "X": "9", "Y": "U", "CONCAT": null, "INFORMATION": null, "svcdatefromTXT": null, "svcdatetoTXT": null, "PLACEMENT": null, "BrickSize": "Full", "Coordinate": "U,9", "Shape_Length": 1.8394868516771887, "Shape_Area": 0.1762196860372491}}, {"type": "Feature", "id": 241, "geometry": {"type": "Polygon", "coordinates": [[[-83.86806876797571, 34.23441928755399], [-83.86806741062931, 34.2344206429334], [-83.86806801103981, 34.23442122501456], [-83.86806936947492, 34.2344198687362], [-83.86806876797571, 34.23441928755399]]]}, "properties": {"OBJECTID": 241, "FNAME": null, "MNAME": null, "LNAME": null, "STATUS": null, "DEPARTMENT": null, "X": "10", "Y": "U", "CONCAT": null, "INFORMATION": null, "svcdatefromTXT": null, "svcdatetoTXT": null, "PLACEMENT": null, "BrickSize": "Full", "Coordinate": "U,10", "Shape_Length": 1.841334584768933, "Shape_Area": 0.17647780162188034}}, {"type": "Feature", "id": 242, "geometry": {"type": "Polygon", "coordinates": [[[-83.86808413183728, 34.234405320685795], [-83.86808345425142, 34.23440599792744], [-83.86808405466515, 34.23440657910697], [-83.86808473333332, 34.23440590276951], [-83.86808413183728, 34.234405320685795]]]}, "properties": {"OBJECTID": 242, "FNAME": null, "MNAME": null, "LNAME": null, "STATUS": null, "DEPARTMENT": null, "X": "0", "Y": "V", "CONCAT": null, "INFORMATION": null, "svcdatefromTXT": null, "svcdatetoTXT": null, "PLACEMENT": null, "BrickSize": "Half", "Coordinate": "V,0", "Shape_Length": 1.1986257987847468, "Shape_Area": 0.08811221123381315}}, {"type": "Feature", "id": 243, "geometry": {"type": "Polygon", "coordinates": [[[-83.86808339869292, 34.234406053690286], [-83.86808204026144, 34.23440740906723], [-83.86808264175747, 34.23440799115095], [-83.86808399910663, 34.234406634869785], [-83.86808339869292, 34.234406053690286]]]}, "properties": {"OBJECTID": 243, "FNAME": null, "MNAME": null, "LNAME": null, "STATUS": null, "DEPARTMENT": null, "X": "1", "Y": "V", "CONCAT": null, "INFORMATION": null, "svcdatefromTXT": null, "svcdatetoTXT": null, "PLACEMENT": null, "BrickSize": "Full", "Coordinate": "V,1", "Shape_Length": 1.841334476233889, "Shape_Area": 0.17647780162188034}}, {"type": "Feature", "id": 244, "geometry": {"type": "Polygon", "coordinates": [[[-83.86808193241369, 34.23440751699451], [-83.86808057506768, 34.2344088723741], [-83.86808117547821, 34.2344094544552], [-83.86808253391293, 34.23440809817668], [-83.86808193241369, 34.23440751699451]]]}, "properties": {"OBJECTID": 244, "FNAME": "DOTTY", "MNAME": "", "LNAME": "GABRELS", "STATUS": null, "DEPARTMENT": null, "X": "2", "Y": "V", "CONCAT": "DOTTY GABRELS", "INFORMATION": null, "svcdatefromTXT": "2005", "svcdatetoTXT": "2018", "PLACEMENT": null, "BrickSize": "Full", "Coordinate": "V,2", "Shape_Length": 1.841334596146825, "Shape_Area": 0.17647780382429493}}, {"type": "Feature", "id": 245, "geometry": {"type": "Polygon", "coordinates": [[[-83.86808046504254, 34.23440898209924], [-83.86807910878836, 34.23441033567829], [-83.86807971028439, 34.23441091776202], [-83.86808106654176, 34.23440956328139], [-83.86808046504254, 34.23440898209924]]]}, "properties": {"OBJECTID": 245, "FNAME": "TIM", "MNAME": "", "LNAME": "HOWELL", "STATUS": null, "DEPARTMENT": null, "X": "3", "Y": "V", "CONCAT": "TIM HOWELL", "INFORMATION": null, "svcdatefromTXT": "2001", "svcdatetoTXT": "2017", "PLACEMENT": null, "BrickSize": "Full", "Coordinate": "V,3", "Shape_Length": 1.8399103193368296, "Shape_Area": 0.1763353408476801}}, {"type": "Feature", "id": 246, "geometry": {"type": "Polygon", "coordinates": [[[-83.86807899984873, 34.23441044540608], [-83.86807764141712, 34.23441180078298], [-83.86807824291316, 34.234412382866736], [-83.86807960134794, 34.23441102658825], [-83.86807899984873, 34.23441044540608]]]}, "properties": {"OBJECTID": 246, "FNAME": "DEBBIE", "MNAME": "", "LNAME": "PIERCE", "STATUS": null, "DEPARTMENT": null, "X": "4", "Y": "V", "CONCAT": "DEBBIE PIERCE", "INFORMATION": null, "svcdatefromTXT": "2005", "svcdatetoTXT": "2016", "PLACEMENT": null, "BrickSize": "Full", "Coordinate": "V,4", "Shape_Length": 1.8417579946388982, "Shape_Area": 0.17659356895626513}}, {"type": "Feature", "id": 247, "geometry": {"type": "Polygon", "coordinates": [[[-83.86807753247746, 34.23441191051076], [-83.8680761762232, 34.23441326408979], [-83.86807677663373, 34.2344138461709], [-83.86807813289118, 34.23441249169031], [-83.86807753247746, 34.23441191051076]]]}, "properties": {"OBJECTID": 247, "FNAME": "BRENDA", "MNAME": "L.", "LNAME": "PERRY", "STATUS": null, "DEPARTMENT": null, "X": "5", "Y": "V", "CONCAT": "BRENDA L. PERRY", "INFORMATION": null, "svcdatefromTXT": "1993", "svcdatetoTXT": "2016", "PLACEMENT": null, "BrickSize": "Full", "Coordinate": "V,5", "Shape_Length": 1.8394815635101465, "Shape_Area": 0.17617329523153769}}, {"type": "Feature", "id": 248, "geometry": {"type": "Polygon", "coordinates": [[[-83.86807606510617, 34.23441337561543], [-83.86807470885185, 34.23441472919443], [-83.8680753092624, 34.23441531127557], [-83.86807666551988, 34.23441395679497], [-83.86807606510617, 34.23441337561543]]]}, "properties": {"OBJECTID": 248, "FNAME": "MONIQUE", "MNAME": "", "LNAME": "KLUCZYKOWSKI", "STATUS": null, "DEPARTMENT": null, "X": "6", "Y": "V", "CONCAT": "MONIQUE KLUCZYKOWSKI", "INFORMATION": null, "svcdatefromTXT": "1987", "svcdatetoTXT": "2015", "PLACEMENT": null, "BrickSize": "Full", "Coordinate": "V,6", "Shape_Length": 1.8394815634131838, "Shape_Area": 0.1761732960748596}}, {"type": "Feature", "id": 249, "geometry": {"type": "Polygon", "coordinates": [[[-83.8680745988267, 34.234414838919584], [-83.86807324148045, 34.234416194299065], [-83.86807384189096, 34.23441677638019], [-83.86807520032592, 34.23441542010177], [-83.8680745988267, 34.234414838919584]]]}, "properties": {"OBJECTID": 249, "FNAME": "JUDITH", "MNAME": "", "LNAME": "MONSAAS", "STATUS": null, "DEPARTMENT": null, "X": "7", "Y": "V", "CONCAT": "JUDITH MONSAAS", "INFORMATION": null, "svcdatefromTXT": "1995", "svcdatetoTXT": "2017", "PLACEMENT": null, "BrickSize": "Full", "Coordinate": "V,7", "Shape_Length": 1.841334584768933, "Shape_Area": 0.17647780162188034}}, {"type": "Feature", "id": 250, "geometry": {"type": "Polygon", "coordinates": [[[-83.86807313363268, 34.234416302226336], [-83.86807177520087, 34.234417657603174], [-83.86807237669692, 34.23441823968696], [-83.86807373513192, 34.23441688340854], [-83.86807313363268, 34.234416302226336]]]}, "properties": {"OBJECTID": 250, "FNAME": "DALE", "MNAME": "", "LNAME": "CRANDALL", "STATUS": null, "DEPARTMENT": null, "X": "8", "Y": "V", "CONCAT": "DALE CRANDALL", "INFORMATION": null, "svcdatefromTXT": "1987", "svcdatetoTXT": "2018", "PLACEMENT": null, "BrickSize": "Full", "Coordinate": "V,8", "Shape_Length": 1.84175799464013, "Shape_Area": 0.17659356895626513}}, {"type": "Feature", "id": 251, "geometry": {"type": "Polygon", "coordinates": [[[-83.86807166626123, 34.23441776733096], [-83.86807030782936, 34.234419122707756], [-83.86807090932541, 34.23441970479157], [-83.86807226667493, 34.2344183485105], [-83.86807166626123, 34.23441776733096]]]}, "properties": {"OBJECTID": 251, "FNAME": "LARRY", "MNAME": "", "LNAME": "JONES", "STATUS": null, "DEPARTMENT": null, "X": "9", "Y": "V", "CONCAT": "LARRY JONES", "INFORMATION": null, "svcdatefromTXT": "2011", "svcdatetoTXT": "2018", "PLACEMENT": null, "BrickSize": "Full", "Coordinate": "V,9", "Shape_Length": 1.8413344876194817, "Shape_Area": 0.17647780382429493}}, {"type": "Feature", "id": 252, "geometry": {"type": "Polygon", "coordinates": [[[-83.8680701988897, 34.234419232435556], [-83.8680688426352, 34.23442058601447], [-83.86806944304573, 34.23442116809563], [-83.86807079930342, 34.23441981361511], [-83.8680701988897, 34.234419232435556]]]}, "properties": {"OBJECTID": 252, "FNAME": null, "MNAME": null, "LNAME": null, "STATUS": null, "DEPARTMENT": null, "X": "10", "Y": "V", "CONCAT": null, "INFORMATION": null, "svcdatefromTXT": null, "svcdatetoTXT": null, "PLACEMENT": null, "BrickSize": "Full", "Coordinate": "V,10", "Shape_Length": 1.8394815521291412, "Shape_Area": 0.17617329303156753}}, {"type": "Feature", "id": 253, "geometry": {"type": "Polygon", "coordinates": [[[-83.86806873261003, 34.23442069573961], [-83.86806805502393, 34.234421372981195], [-83.86806865543764, 34.234421954160766], [-83.86806933410925, 34.23442127692184], [-83.86806873261003, 34.23442069573961]]]}, "properties": {"OBJECTID": 253, "FNAME": null, "MNAME": null, "LNAME": null, "STATUS": null, "DEPARTMENT": null, "X": "11", "Y": "V", "CONCAT": null, "INFORMATION": null, "svcdatefromTXT": null, "svcdatetoTXT": null, "PLACEMENT": null, "BrickSize": "Half", "Coordinate": "V,11", "Shape_Length": 1.1986302592490734, "Shape_Area": 0.08810860530567012}}, {"type": "Feature", "id": 254, "geometry": {"type": "Polygon", "coordinates": [[[-83.86808483069858, 34.23440599677117], [-83.8680834722671, 34.234407352148146], [-83.8680840748455, 34.23440793513608], [-83.86808543327695, 34.234406579759096], [-83.86808483069858, 34.23440599677117]]]}, "properties": {"OBJECTID": 254, "FNAME": null, "MNAME": null, "LNAME": null, "STATUS": null, "DEPARTMENT": null, "X": "0", "Y": "W", "CONCAT": null, "INFORMATION": null, "svcdatefromTXT": null, "svcdatetoTXT": null, "PLACEMENT": null, "BrickSize": "Full", "Coordinate": "W,0", "Shape_Length": 1.8426789332830436, "Shape_Area": 0.17692719668882007}}, {"type": "Feature", "id": 255, "geometry": {"type": "Polygon", "coordinates": [[[-83.86808336332749, 34.234407461875946], [-83.86808200707337, 34.23440881545503], [-83.86808260965176, 34.23440939844295], [-83.86808396590587, 34.234408044863876], [-83.86808336332749, 34.234407461875946]]]}, "properties": {"OBJECTID": 255, "FNAME": null, "MNAME": null, "LNAME": null, "STATUS": null, "DEPARTMENT": null, "X": "1", "Y": "W", "CONCAT": null, "INFORMATION": null, "svcdatefromTXT": null, "svcdatetoTXT": null, "PLACEMENT": null, "BrickSize": "Full", "Coordinate": "W,1", "Shape_Length": 1.8408312295345832, "Shape_Area": 0.17666843091057216}}, {"type": "Feature", "id": 256, "geometry": {"type": "Polygon", "coordinates": [[[-83.86808189704824, 34.234408925180176], [-83.8680805397022, 34.234410280559736], [-83.86808114227742, 34.23441086444927], [-83.86808249962662, 34.23440950816812], [-83.86808189704824, 34.234408925180176]]]}, "properties": {"OBJECTID": 256, "FNAME": "GAIL", "MNAME": "", "LNAME": "BARKSDALE", "STATUS": null, "DEPARTMENT": null, "X": "2", "Y": "W", "CONCAT": "GAIL BARKSDALE", "INFORMATION": null, "svcdatefromTXT": "2008", "svcdatetoTXT": "2018", "PLACEMENT": null, "BrickSize": "Full", "Coordinate": "W,2", "Shape_Length": 1.8427619818004763, "Shape_Area": 0.17695480489739132}}, {"type": "Feature", "id": 257, "geometry": {"type": "Polygon", "coordinates": [[[-83.86808042967706, 34.23441039028489], [-83.86807907124548, 34.2344117456618], [-83.8680796749062, 34.23441232955397], [-83.86808103225545, 34.23441097327283], [-83.86808042967706, 34.23441039028489]]]}, "properties": {"OBJECTID": 257, "FNAME": "STEVEN", "MNAME": "", "LNAME": "AANES", "STATUS": null, "DEPARTMENT": null, "X": "3", "Y": "W", "CONCAT": "STEVEN AANES", "INFORMATION": null, "svcdatefromTXT": "2007", "svcdatetoTXT": "2018", "PLACEMENT": null, "BrickSize": "Full", "Coordinate": "W,3", "Shape_Length": 1.8431854296016605, "Shape_Area": 0.17707067462058954}}, {"type": "Feature", "id": 258, "geometry": {"type": "Polygon", "coordinates": [[[-83.86807896448323, 34.234411853591716], [-83.8680776060516, 34.23441320896863], [-83.8680782086268, 34.23441379285818], [-83.86807956706161, 34.23441243657968], [-83.86807896448323, 34.234411853591716]]]}, "properties": {"OBJECTID": 258, "FNAME": "JACK", "MNAME": "", "LNAME": "LUNDY", "STATUS": null, "DEPARTMENT": null, "X": "4", "Y": "W", "CONCAT": "JACK LUNDY", "INFORMATION": null, "svcdatefromTXT": "2007", "svcdatetoTXT": "2018", "PLACEMENT": null, "BrickSize": "Full", "Coordinate": "W,4", "Shape_Length": 1.8431801153459721, "Shape_Area": 0.17702428466186665}}, {"type": "Feature", "id": 259, "geometry": {"type": "Polygon", "coordinates": [[[-83.86807749711194, 34.23441331869642], [-83.86807614085765, 34.23441467227543], [-83.86807674343287, 34.234415256164986], [-83.86807809969034, 34.23441390168438], [-83.86807749711194, 34.23441331869642]]]}, "properties": {"OBJECTID": 259, "FNAME": "OTIS", "MNAME": "", "LNAME": "DOVER", "STATUS": null, "DEPARTMENT": null, "X": "5", "Y": "W", "CONCAT": "OTIS DOVER", "INFORMATION": null, "svcdatefromTXT": "2004", "svcdatetoTXT": "2017", "PLACEMENT": null, "BrickSize": "Full", "Coordinate": "W,5", "Shape_Length": 1.8413324561318118, "Shape_Area": 0.17676541507826898}}, {"type": "Feature", "id": 260, "geometry": {"type": "Polygon", "coordinates": [[[-83.8680760308325, 34.23441478200056], [-83.86807467348629, 34.23441613738007], [-83.86807527606148, 34.234416721269625], [-83.8680766334109, 34.234415364988536], [-83.8680760308325, 34.23441478200056]]]}, "properties": {"OBJECTID": 260, "FNAME": "NORMA", "MNAME": "JEAN", "LNAME": "CAIN", "STATUS": null, "DEPARTMENT": null, "X": "6", "Y": "W", "CONCAT": "NORMA JEAN CAIN", "INFORMATION": null, "svcdatefromTXT": "2010", "svcdatetoTXT": "2017", "PLACEMENT": null, "BrickSize": "Full", "Coordinate": "W,6", "Shape_Length": 1.8427619818400722, "Shape_Area": 0.176954803528521}}, {"type": "Feature", "id": 261, "geometry": {"type": "Polygon", "coordinates": [[[-83.86807456346112, 34.23441624710521], [-83.86807320720672, 34.23441760068419], [-83.86807380978193, 34.23441818457377], [-83.8680751660395, 34.23441683009319], [-83.86807456346112, 34.23441624710521]]]}, "properties": {"OBJECTID": 261, "FNAME": "NANCY", "MNAME": "", "LNAME": "LEIZEAR", "STATUS": null, "DEPARTMENT": null, "X": "7", "Y": "W", "CONCAT": "NANCY LEIZEAR", "INFORMATION": null, "svcdatefromTXT": "2007", "svcdatetoTXT": "2018", "PLACEMENT": null, "BrickSize": "Full", "Coordinate": "W,7", "Shape_Length": 1.8413324561318118, "Shape_Area": 0.17676541507826898}}, {"type": "Feature", "id": 262, "geometry": {"type": "Polygon", "coordinates": [[[-83.86807309826708, 34.23441771041198], [-83.86807173983526, 34.234419065788806], [-83.86807234241044, 34.234419649678394], [-83.86807370084546, 34.234418293399955], [-83.86807309826708, 34.23441771041198]]]}, "properties": {"OBJECTID": 262, "FNAME": null, "MNAME": null, "LNAME": null, "STATUS": null, "DEPARTMENT": null, "X": "8", "Y": "W", "CONCAT": null, "INFORMATION": null, "svcdatefromTXT": null, "svcdatetoTXT": null, "PLACEMENT": null, "BrickSize": "Full", "Coordinate": "W,8", "Shape_Length": 1.8431801153512488, "Shape_Area": 0.17702428466186665}}, {"type": "Feature", "id": 263, "geometry": {"type": "Polygon", "coordinates": [[[-83.8680716308956, 34.234419175516585], [-83.86807027464111, 34.234420529095544], [-83.86807087721633, 34.23442111298512], [-83.86807223347398, 34.23441975850458], [-83.8680716308956, 34.234419175516585]]]}, "properties": {"OBJECTID": 263, "FNAME": null, "MNAME": null, "LNAME": null, "STATUS": null, "DEPARTMENT": null, "X": "9", "Y": "W", "CONCAT": null, "INFORMATION": null, "svcdatefromTXT": null, "svcdatetoTXT": null, "PLACEMENT": null, "BrickSize": "Full", "Coordinate": "W,9", "Shape_Length": 1.8413324562299687, "Shape_Area": 0.1767654142373915}}, {"type": "Feature", "id": 264, "geometry": {"type": "Polygon", "coordinates": [[[-83.86807016461594, 34.23442063882068], [-83.86806880726954, 34.2344219942001], [-83.86806940984474, 34.234422578089706], [-83.86807076719433, 34.23442122180869], [-83.86807016461594, 34.23442063882068]]]}, "properties": {"OBJECTID": 264, "FNAME": null, "MNAME": null, "LNAME": null, "STATUS": null, "DEPARTMENT": null, "X": "10", "Y": "W", "CONCAT": null, "INFORMATION": null, "svcdatefromTXT": null, "svcdatetoTXT": null, "PLACEMENT": null, "BrickSize": "Full", "Coordinate": "W,10", "Shape_Length": 1.8427619818004763, "Shape_Area": 0.17695480489739132}}, {"type": "Feature", "id": 265, "geometry": {"type": "Polygon", "coordinates": [[[-83.8680855306422, 34.23440667376077], [-83.86808485197083, 34.23440735099978], [-83.86808545347006, 34.23440793218194], [-83.86808613105593, 34.234407254940265], [-83.8680855306422, 34.23440667376077]]]}, "properties": {"OBJECTID": 265, "FNAME": null, "MNAME": null, "LNAME": null, "STATUS": null, "DEPARTMENT": null, "X": "0", "Y": "X", "CONCAT": null, "INFORMATION": null, "svcdatefromTXT": null, "svcdatetoTXT": null, "PLACEMENT": null, "BrickSize": "Half", "Coordinate": "X,0", "Shape_Length": 1.198630254378314, "Shape_Area": 0.08810860438534926}}, {"type": "Feature", "id": 266, "geometry": {"type": "Polygon", "coordinates": [[[-83.86808479641549, 34.23440740586105], [-83.86808343798084, 34.23440876213958], [-83.86808403947691, 34.23440934422329], [-83.86808539791156, 34.23440798794476], [-83.86808479641549, 34.23440740586105]]]}, "properties": {"OBJECTID": 266, "FNAME": "WENDY", "MNAME": "", "LNAME": "SMITH", "STATUS": null, "DEPARTMENT": null, "X": "1", "Y": "X", "CONCAT": "WENDY SMITH", "INFORMATION": null, "svcdatefromTXT": "2011", "svcdatetoTXT": "2021", "PLACEMENT": null, "BrickSize": "Full", "Coordinate": "X,1", "Shape_Length": 1.8422590429714978, "Shape_Area": 0.17669060442714496}}, {"type": "Feature", "id": 267, "geometry": {"type": "Polygon", "coordinates": [[[-83.86808333122178, 34.23440886916792], [-83.86808197278708, 34.234410225446446], [-83.86808257428315, 34.234410807530196], [-83.86808393163234, 34.23440945124901], [-83.86808333122178, 34.23440886916792]]]}, "properties": {"OBJECTID": 267, "FNAME": "LYNE", "MNAME": "", "LNAME": "HITT", "STATUS": null, "DEPARTMENT": null, "X": "2", "Y": "X", "CONCAT": "LYNE HITT", "INFORMATION": null, "svcdatefromTXT": "2013", "svcdatetoTXT": "2021", "PLACEMENT": null, "BrickSize": "Full", "Coordinate": "X,2", "Shape_Length": 1.8418357382262323, "Shape_Area": 0.17657478767910711}}, {"type": "Feature", "id": 268, "geometry": {"type": "Polygon", "coordinates": [[[-83.86808186385065, 34.23441033427267], [-83.86808050759328, 34.23441168875331], [-83.86808110800384, 34.2344122708344], [-83.86808246426119, 34.23441091635376], [-83.86808186385065, 34.23441033427267]]]}, "properties": {"OBJECTID": 268, "FNAME": "JIM", "MNAME": "", "LNAME": "HAMMOND", "STATUS": null, "DEPARTMENT": null, "X": "3", "Y": "X", "CONCAT": "JIM HAMMOND", "INFORMATION": null, "svcdatefromTXT": "1990", "svcdatetoTXT": "2020", "PLACEMENT": null, "BrickSize": "Full", "Coordinate": "X,3", "Shape_Length": 1.8399828311801194, "Shape_Area": 0.17627016871897794}}, {"type": "Feature", "id": 269, "geometry": {"type": "Polygon", "coordinates": [[[-83.8680803975713, 34.23441179757687], [-83.86807904022203, 34.23441315385802], [-83.86807964063257, 34.234413735939114], [-83.86808099906737, 34.234412379660625], [-83.8680803975713, 34.23441179757687]]]}, "properties": {"OBJECTID": 269, "FNAME": "BETH", "MNAME": "", "LNAME": "KENDALL", "STATUS": null, "DEPARTMENT": null, "X": "4", "Y": "X", "CONCAT": "BETH KENDALL", "INFORMATION": null, "svcdatefromTXT": "2007", "svcdatetoTXT": "2019", "PLACEMENT": null, "BrickSize": "Full", "Coordinate": "X,4", "Shape_Length": 1.8418357381682706, "Shape_Area": 0.17657478715111427}}, {"type": "Feature", "id": 270, "geometry": {"type": "Polygon", "coordinates": [[[-83.86807893020007, 34.23441326268158], [-83.86807757394261, 34.23441461716219], [-83.86807817543868, 34.23441519924594], [-83.86807953169613, 34.23441384476533], [-83.86807893020007, 34.23441326268158]]]}, "properties": {"OBJECTID": 270, "FNAME": "JEFFERY", "MNAME": "", "LNAME": "JOHNSON", "STATUS": null, "DEPARTMENT": null, "X": "5", "Y": "X", "CONCAT": "JEFFERY JOHNSON", "INFORMATION": null, "svcdatefromTXT": "2014", "svcdatetoTXT": "2020", "PLACEMENT": null, "BrickSize": "Full", "Coordinate": "X,5", "Shape_Length": 1.8404114123582702, "Shape_Area": 0.17643227219482557}}, {"type": "Feature", "id": 271, "geometry": {"type": "Polygon", "coordinates": [[[-83.86807746282875, 34.234414727786266], [-83.86807610657125, 34.23441608226686], [-83.86807670806732, 34.23441666435062], [-83.86807806432482, 34.234415309870016], [-83.86807746282875, 34.234414727786266]]]}, "properties": {"OBJECTID": 271, "FNAME": "JEANETTE", "MNAME": "", "LNAME": "MANN", "STATUS": null, "DEPARTMENT": null, "X": "6", "Y": "X", "CONCAT": "JEANETTE MANN", "INFORMATION": null, "svcdatefromTXT": "2000", "svcdatetoTXT": "2021", "PLACEMENT": null, "BrickSize": "Full", "Coordinate": "X,6", "Shape_Length": 1.8404114123582702, "Shape_Area": 0.17643227219482557}}, {"type": "Feature", "id": 272, "geometry": {"type": "Polygon", "coordinates": [[[-83.8680759976348, 34.23441619109308], [-83.86807463919986, 34.234417547371514], [-83.86807524069592, 34.23441812945527], [-83.86807659804535, 34.23441677317419], [-83.8680759976348, 34.23441619109308]]]}, "properties": {"OBJECTID": 272, "FNAME": "DANNY", "MNAME": "", "LNAME": "LAU", "STATUS": null, "DEPARTMENT": null, "X": "7", "Y": "X", "CONCAT": "DANNY LAU", "INFORMATION": null, "svcdatefromTXT": "2003", "svcdatetoTXT": "2021", "PLACEMENT": null, "BrickSize": "Full", "Coordinate": "X,7", "Shape_Length": 1.8418357267850873, "Shape_Area": 0.17657478494869966}}, {"type": "Feature", "id": 273, "geometry": {"type": "Polygon", "coordinates": [[[-83.86807453135208, 34.23441765529879], [-83.86807317400579, 34.234419010678266], [-83.86807377441635, 34.234419592759394], [-83.86807513285133, 34.23441823648098], [-83.86807453135208, 34.23441765529879]]]}, "properties": {"OBJECTID": 273, "FNAME": "TINA", "MNAME": "", "LNAME": "CARTER", "STATUS": null, "DEPARTMENT": null, "X": "8", "Y": "X", "CONCAT": "TINA CARTER", "INFORMATION": null, "svcdatefromTXT": "1992", "svcdatetoTXT": "2021", "PLACEMENT": null, "BrickSize": "Full", "Coordinate": "X,8", "Shape_Length": 1.8413345848268947, "Shape_Area": 0.1764778021498732}}, {"type": "Feature", "id": 274, "geometry": {"type": "Polygon", "coordinates": [[[-83.86807306398062, 34.23441912040341], [-83.86807170554877, 34.23442047578024], [-83.86807230704483, 34.23442105786402], [-83.86807366547987, 34.234419701585615], [-83.86807306398062, 34.23441912040341]]]}, "properties": {"OBJECTID": 274, "FNAME": "VICKIE", "MNAME": "", "LNAME": "POOLE", "STATUS": null, "DEPARTMENT": null, "X": "9", "Y": "X", "CONCAT": "VICKIE POOLE", "INFORMATION": null, "svcdatefromTXT": "2002", "svcdatetoTXT": "2020", "PLACEMENT": null, "BrickSize": "Full", "Coordinate": "X,9", "Shape_Length": 1.84175799464013, "Shape_Area": 0.17659356895626513}}, {"type": "Feature", "id": 275, "geometry": {"type": "Polygon", "coordinates": [[[-83.86807159660913, 34.23442058550802], [-83.86807024035463, 34.234421939086985], [-83.86807084185068, 34.234422521170764], [-83.86807219810837, 34.23442116669024], [-83.86807159660913, 34.23442058550802]]]}, "properties": {"OBJECTID": 275, "FNAME": "LEE", "MNAME": "", "LNAME": "CLENDENNING", "STATUS": null, "DEPARTMENT": null, "X": "10", "Y": "X", "CONCAT": "LEE CLENDENNING", "INFORMATION": null, "svcdatefromTXT": "1990", "svcdatetoTXT": "2021", "PLACEMENT": null, "BrickSize": "Full", "Coordinate": "X,10", "Shape_Length": 1.8399103355845996, "Shape_Area": 0.1763353448889031}}, {"type": "Feature", "id": 276, "geometry": {"type": "Polygon", "coordinates": [[[-83.86807013141497, 34.23442204881476], [-83.86806945274652, 34.23442272515212], [-83.86807005424258, 34.23442330723591], [-83.86807073182868, 34.23442262999431], [-83.86807013141497, 34.23442204881476]]]}, "properties": {"OBJECTID": 276, "FNAME": null, "MNAME": null, "LNAME": null, "STATUS": null, "DEPARTMENT": null, "X": "11", "Y": "X", "CONCAT": null, "INFORMATION": null, "svcdatefromTXT": null, "svcdatetoTXT": null, "PLACEMENT": null, "BrickSize": "Half", "Coordinate": "X,11", "Shape_Length": 1.198625794082277, "Shape_Area": 0.08811221029882582}}, {"type": "Feature", "id": 277, "geometry": {"type": "Polygon", "coordinates": [[[-83.86808622842118, 34.23440734894191], [-83.86808486998655, 34.23440870522048], [-83.86808547148262, 34.23440928730419], [-83.86808682991725, 34.23440793102564], [-83.86808622842118, 34.23440734894191]]]}, "properties": {"OBJECTID": 277, "FNAME": null, "MNAME": null, "LNAME": null, "STATUS": null, "DEPARTMENT": null, "X": "0", "Y": "Y", "CONCAT": null, "INFORMATION": null, "svcdatefromTXT": null, "svcdatetoTXT": null, "PLACEMENT": null, "BrickSize": "Full", "Coordinate": "Y,0", "Shape_Length": 1.8422590542923376, "Shape_Area": 0.17669060610278892}}, {"type": "Feature", "id": 278, "geometry": {"type": "Polygon", "coordinates": [[[-83.8680847610501, 34.234408814046674], [-83.86808340479281, 34.23441016852736], [-83.8680840062889, 34.23441075061108], [-83.86808536254618, 34.234409396130395], [-83.8680847610501, 34.234408814046674]]]}, "properties": {"OBJECTID": 278, "FNAME": "LISA", "MNAME": "", "LNAME": "BECK", "STATUS": null, "DEPARTMENT": null, "X": "1", "Y": "Y", "CONCAT": "LISA BECK", "INFORMATION": null, "svcdatefromTXT": "1992", "svcdatetoTXT": "2022", "PLACEMENT": null, "BrickSize": "Full", "Coordinate": "Y,1", "Shape_Length": 1.8404114123582702, "Shape_Area": 0.17643227219482557}}, {"type": "Feature", "id": 279, "geometry": {"type": "Polygon", "coordinates": [[[-83.86808329585637, 34.23441027735358], [-83.86808193742165, 34.23441163363211], [-83.86808253891772, 34.23441221571583], [-83.86808389626691, 34.23441085943467], [-83.86808329585637, 34.23441027735358]]]}, "properties": {"OBJECTID": 279, "FNAME": "STUART", "MNAME": "", "LNAME": "BEAMAN", "STATUS": null, "DEPARTMENT": null, "X": "2", "Y": "Y", "CONCAT": "STUART BEAMAN", "INFORMATION": null, "svcdatefromTXT": "1993", "svcdatetoTXT": "2022", "PLACEMENT": null, "BrickSize": "Full", "Coordinate": "Y,2", "Shape_Length": 1.841835721976625, "Shape_Area": 0.17657478363360637}}, {"type": "Feature", "id": 280, "geometry": {"type": "Polygon", "coordinates": [[[-83.86808182739966, 34.23441174245569], [-83.86808047005042, 34.23441309873683], [-83.86808107154648, 34.23441368082056], [-83.86808242889575, 34.234412324539406], [-83.86808182739966, 34.23441174245569]]]}, "properties": {"OBJECTID": 280, "FNAME": "JANICE", "MNAME": "", "LNAME": "CROOK-HILL", "STATUS": null, "DEPARTMENT": null, "X": "3", "Y": "Y", "CONCAT": "JANICE CROOK-HILL", "INFORMATION": null, "svcdatefromTXT": "2009", "svcdatetoTXT": "2022", "PLACEMENT": null, "BrickSize": "Full", "Coordinate": "Y,3", "Shape_Length": 1.841840991892751, "Shape_Area": 0.1766212852784611}}, {"type": "Feature", "id": 281, "geometry": {"type": "Polygon", "coordinates": [[[-83.86808036220583, 34.234413205762536], [-83.86807900377102, 34.23441456204101], [-83.86807960526708, 34.23441514412475], [-83.86808096370191, 34.23441378784626], [-83.86808036220583, 34.234413205762536]]]}, "properties": {"OBJECTID": 281, "FNAME": "ELAINE", "MNAME": "", "LNAME": "FITZPATRICK", "STATUS": null, "DEPARTMENT": null, "X": "4", "Y": "Y", "CONCAT": "ELAINE FITZPATRICK", "INFORMATION": null, "svcdatefromTXT": "2017", "svcdatetoTXT": "2022", "PLACEMENT": null, "BrickSize": "Full", "Coordinate": "Y,4", "Shape_Length": 1.8422590429714978, "Shape_Area": 0.17669060442714496}}, {"type": "Feature", "id": 282, "geometry": {"type": "Polygon", "coordinates": [[[-83.86807889483457, 34.23441467086723], [-83.86807753857708, 34.234416025347834], [-83.86807814007317, 34.23441660743159], [-83.86807949633064, 34.23441525295098], [-83.86807889483457, 34.23441467086723]]]}, "properties": {"OBJECTID": 282, "FNAME": "RICHARD", "MNAME": "", "LNAME": "GIESEGH", "STATUS": null, "DEPARTMENT": null, "X": "5", "Y": "Y", "CONCAT": "RICHARD GIESEGH", "INFORMATION": null, "svcdatefromTXT": "2012", "svcdatetoTXT": "2022", "PLACEMENT": null, "BrickSize": "Full", "Coordinate": "Y,5", "Shape_Length": 1.8404114123582702, "Shape_Area": 0.17643227219482557}}, {"type": "Feature", "id": 283, "geometry": {"type": "Polygon", "coordinates": [[[-83.86807742963744, 34.23441613507563], [-83.8680760712057, 34.234417490452515], [-83.86807667270178, 34.234418072536265], [-83.86807803005118, 34.23441671625514], [-83.86807742963744, 34.23441613507563]]]}, "properties": {"OBJECTID": 283, "FNAME": "DEAN", "MNAME": "", "LNAME": "LIEBURN", "STATUS": null, "DEPARTMENT": null, "X": "6", "Y": "Y", "CONCAT": "DEAN LIEBURN", "INFORMATION": null, "svcdatefromTXT": "2001", "svcdatetoTXT": "2022", "PLACEMENT": null, "BrickSize": "Full", "Coordinate": "Y,6", "Shape_Length": 1.8413344877793254, "Shape_Area": 0.17647780350774367}}, {"type": "Feature", "id": 284, "geometry": {"type": "Polygon", "coordinates": [[[-83.86807596118055, 34.23441760017764], [-83.86807460601167, 34.23441895375929], [-83.86807520642223, 34.23441953584041], [-83.8680765626798, 34.23441818135982], [-83.86807596118055, 34.23441760017764]]]}, "properties": {"OBJECTID": 284, "FNAME": "JOHN", "MNAME": "", "LNAME": "WILLIAMS", "STATUS": null, "DEPARTMENT": null, "X": "7", "Y": "Y", "CONCAT": "JOHN WILLIAMS", "INFORMATION": null, "svcdatefromTXT": "2007", "svcdatetoTXT": "2022", "PLACEMENT": null, "BrickSize": "Full", "Coordinate": "Y,7", "Shape_Length": 1.839486960198288, "Shape_Area": 0.1762196851951494}}, {"type": "Feature", "id": 285, "geometry": {"type": "Polygon", "coordinates": [[[-83.86807449598652, 34.234419063484424], [-83.86807313755467, 34.23442041886128], [-83.86807373905074, 34.234421000945055], [-83.86807509748577, 34.23441964466662], [-83.86807449598652, 34.234419063484424]]]}, "properties": {"OBJECTID": 285, "FNAME": "BONNIE", "MNAME": "", "LNAME": "JONES", "STATUS": null, "DEPARTMENT": null, "X": "8", "Y": "Y", "CONCAT": "BONNIE JONES", "INFORMATION": null, "svcdatefromTXT": "2008", "svcdatetoTXT": "2022", "PLACEMENT": null, "BrickSize": "Full", "Coordinate": "Y,8", "Shape_Length": 1.8417579994495274, "Shape_Area": 0.17659357027074732}}, {"type": "Feature", "id": 286, "geometry": {"type": "Polygon", "coordinates": [[[-83.86807302861503, 34.234420528589055], [-83.86807167236056, 34.23442188216802], [-83.86807227385661, 34.23442246425179], [-83.86807363011428, 34.23442110977125], [-83.86807302861503, 34.234420528589055]]]}, "properties": {"OBJECTID": 286, "FNAME": "KATIE", "MNAME": "", "LNAME": "SIMMONS", "STATUS": null, "DEPARTMENT": null, "X": "9", "Y": "Y", "CONCAT": "KATIE SIMMONS", "INFORMATION": null, "svcdatefromTXT": "1984", "svcdatetoTXT": "2022", "PLACEMENT": null, "BrickSize": "Full", "Coordinate": "Y,9", "Shape_Length": 1.8399103193368296, "Shape_Area": 0.1763353408476801}}, {"type": "Feature", "id": 287, "geometry": {"type": "Polygon", "coordinates": [[[-83.8680715634209, 34.234421991895786], [-83.86807020498897, 34.23442334727261], [-83.86807080648504, 34.234423929356396], [-83.86807216383463, 34.234422573075356], [-83.8680715634209, 34.234421991895786]]]}, "properties": {"OBJECTID": 287, "FNAME": "JOSEPH", "MNAME": "", "LNAME": "LAVALLE", "STATUS": null, "DEPARTMENT": null, "X": "10", "Y": "Y", "CONCAT": "JOSEPH LAVALLE", "INFORMATION": null, "svcdatefromTXT": "2003", "svcdatetoTXT": "2022", "PLACEMENT": null, "BrickSize": "Full", "Coordinate": "Y,10", "Shape_Length": 1.8413344876166575, "Shape_Area": 0.17647780382429493}}, {"type": "Feature", "id": 288, "geometry": {"type": "Polygon", "coordinates": [[[-83.868086926197, 34.234408025024635], [-83.86808624861112, 34.2344087022663], [-83.86808685011039, 34.234409283448436], [-83.86808752769306, 34.23440860710834], [-83.868086926197, 34.234408025024635]]]}, "properties": {"OBJECTID": 288, "FNAME": null, "MNAME": null, "LNAME": null, "STATUS": null, "DEPARTMENT": null, "X": "0", "Y": "Z", "CONCAT": null, "INFORMATION": null, "svcdatefromTXT": null, "svcdatetoTXT": null, "PLACEMENT": null, "BrickSize": "Half", "Coordinate": "Z,0", "Shape_Length": 1.1986310695984819, "Shape_Area": 0.08811807660811227}}, {"type": "Feature", "id": 289, "geometry": {"type": "Polygon", "coordinates": [[[-83.8680861930558, 34.23440875712756], [-83.86808483462114, 34.23441011340611], [-83.86808543611723, 34.23441069548983], [-83.86808679455187, 34.23440933921127], [-83.8680861930558, 34.23440875712756]]]}, "properties": {"OBJECTID": 289, "FNAME": "CATHY", "MNAME": "", "LNAME": "GEORGIA", "STATUS": null, "DEPARTMENT": null, "X": "1", "Y": "Z", "CONCAT": "CATHY GEORGIA", "INFORMATION": null, "svcdatefromTXT": "2012", "svcdatetoTXT": "2023", "PLACEMENT": null, "BrickSize": "Full", "Coordinate": "Z,1", "Shape_Length": 1.8422590429110248, "Shape_Area": 0.17669060389915212}}, {"type": "Feature", "id": 290, "geometry": {"type": "Polygon", "coordinates": [[[-83.8680847278621, 34.23441022043447], [-83.86808336942738, 34.234411576713015], [-83.86808397092346, 34.23441215879674], [-83.86808532827266, 34.23441080251555], [-83.8680847278621, 34.23441022043447]]]}, "properties": {"OBJECTID": 290, "FNAME": "CONNIE", "MNAME": "", "LNAME": "ESFORD", "STATUS": null, "DEPARTMENT": null, "X": "2", "Y": "Z", "CONCAT": "CONNIE ESFORD", "INFORMATION": null, "svcdatefromTXT": "2009", "svcdatetoTXT": "2023", "PLACEMENT": null, "BrickSize": "Full", "Coordinate": "Z,2", "Shape_Length": 1.8418357267850873, "Shape_Area": 0.17657478494869966}}, {"type": "Feature", "id": 291, "geometry": {"type": "Polygon", "coordinates": [[[-83.86808325940544, 34.23441168553658], [-83.86808190314807, 34.23441304001724], [-83.86808250464415, 34.23441362210096], [-83.8680838609015, 34.2344122676203], [-83.86808325940544, 34.23441168553658]]]}, "properties": {"OBJECTID": 291, "FNAME": "WENDY", "MNAME": "", "LNAME": "ESTES", "STATUS": null, "DEPARTMENT": null, "X": "3", "Y": "Z", "CONCAT": "WENDY ESTES", "INFORMATION": null, "svcdatefromTXT": "1993", "svcdatetoTXT": "2023", "PLACEMENT": null, "BrickSize": "Full", "Coordinate": "Z,3", "Shape_Length": 1.8404114123582702, "Shape_Area": 0.17643227219482557}}, {"type": "Feature", "id": 292, "geometry": {"type": "Polygon", "coordinates": [[[-83.8680817942116, 34.23441314884346], [-83.86808043577682, 34.23441450512196], [-83.8680810372729, 34.23441508720569], [-83.8680823957077, 34.234413730927194], [-83.8680817942116, 34.23441314884346]]]}, "properties": {"OBJECTID": 292, "FNAME": "STEVEN", "MNAME": "", "LNAME": "NICKLAS", "STATUS": null, "DEPARTMENT": null, "X": "4", "Y": "Z", "CONCAT": "STEVEN NICKLAS", "INFORMATION": null, "svcdatefromTXT": "2007", "svcdatetoTXT": "2022", "PLACEMENT": null, "BrickSize": "Full", "Coordinate": "Z,4", "Shape_Length": 1.8422590429714978, "Shape_Area": 0.17669060442714496}}, {"type": "Feature", "id": 293, "geometry": {"type": "Polygon", "coordinates": [[[-83.86808032683719, 34.23441461484973], [-83.86807897058291, 34.234415968428806], [-83.868079572079, 34.23441655051254], [-83.86808092833645, 34.23441519603191], [-83.86808032683719, 34.23441461484973]]]}, "properties": {"OBJECTID": 293, "FNAME": "BILL", "MNAME": "", "LNAME": "MOODY", "STATUS": null, "DEPARTMENT": null, "X": "5", "Y": "Z", "CONCAT": "BILL MOODY", "INFORMATION": null, "svcdatefromTXT": "1987", "svcdatetoTXT": "2022", "PLACEMENT": null, "BrickSize": "Full", "Coordinate": "Z,5", "Shape_Length": 1.8399103355845996, "Shape_Area": 0.1763353448889031}}, {"type": "Feature", "id": 294, "geometry": {"type": "Polygon", "coordinates": [[[-83.86807885946588, 34.23441607995444], [-83.86807750321157, 34.234417433533466], [-83.86807810470764, 34.23441801561722], [-83.86807946096515, 34.234416661136606], [-83.86807885946588, 34.23441607995444]]]}, "properties": {"OBJECTID": 294, "FNAME": "SUSAN", "MNAME": "", "LNAME": "FIFER", "STATUS": null, "DEPARTMENT": null, "X": "6", "Y": "Z", "CONCAT": "SUSAN FIFER", "INFORMATION": null, "svcdatefromTXT": "2007", "svcdatetoTXT": "2022", "PLACEMENT": null, "BrickSize": "Full", "Coordinate": "Z,6", "Shape_Length": 1.8399103193368296, "Shape_Area": 0.1763353408476801}}, {"type": "Feature", "id": 295, "geometry": {"type": "Polygon", "coordinates": [[[-83.8680773931864, 34.234417543258616], [-83.86807603584016, 34.23441889863813], [-83.86807663733624, 34.234419480721904], [-83.86807799468566, 34.23441812444079], [-83.8680773931864, 34.234417543258616]]]}, "properties": {"OBJECTID": 295, "FNAME": "DONNA", "MNAME": "", "LNAME": "FOSTER", "STATUS": null, "DEPARTMENT": null, "X": "7", "Y": "Z", "CONCAT": "DONNA FOSTER", "INFORMATION": null, "svcdatefromTXT": "2007", "svcdatetoTXT": "2022", "PLACEMENT": null, "BrickSize": "Full", "Coordinate": "Z,7", "Shape_Length": 1.8413398612544887, "Shape_Area": 0.17652430415405637}}, {"type": "Feature", "id": 296, "geometry": {"type": "Polygon", "coordinates": [[[-83.8680759279924, 34.23441900656543], [-83.86807456956058, 34.23442036194229], [-83.86807517105666, 34.234420944026056], [-83.86807652949165, 34.23441958774762], [-83.8680759279924, 34.23441900656543]]]}, "properties": {"OBJECTID": 296, "FNAME": "PHILLIP", "MNAME": "", "LNAME": "FORRESTER", "STATUS": null, "DEPARTMENT": null, "X": "8", "Y": "Z", "CONCAT": "PHILLIP FORRESTER", "INFORMATION": null, "svcdatefromTXT": "2011", "svcdatetoTXT": "2022", "PLACEMENT": null, "BrickSize": "Full", "Coordinate": "Z,8", "Shape_Length": 1.8417579946388982, "Shape_Area": 0.17659356895626513}}, {"type": "Feature", "id": 297, "geometry": {"type": "Polygon", "coordinates": [[[-83.86807446062092, 34.23442047167008], [-83.86807310218909, 34.23442182704691], [-83.86807370368517, 34.2344224091307], [-83.8680750621202, 34.234421052852255], [-83.86807446062092, 34.23442047167008]]]}, "properties": {"OBJECTID": 297, "FNAME": "ANN", "MNAME": "", "LNAME": "SNYDER", "STATUS": null, "DEPARTMENT": null, "X": "9", "Y": "Z", "CONCAT": "ANN SNYDER", "INFORMATION": null, "svcdatefromTXT": "2011", "svcdatetoTXT": "2022", "PLACEMENT": null, "BrickSize": "Full", "Coordinate": "Z,9", "Shape_Length": 1.8417579947058949, "Shape_Area": 0.17659356948425797}}, {"type": "Feature", "id": 298, "geometry": {"type": "Polygon", "coordinates": [[[-83.86807299324943, 34.2344219367747], [-83.86807163699493, 34.23442329035366], [-83.868072238491, 34.23442387243743], [-83.8680735947487, 34.234422517956894], [-83.86807299324943, 34.2344219367747]]]}, "properties": {"OBJECTID": 298, "FNAME": "KERRY", "MNAME": "", "LNAME": "STEWART", "STATUS": null, "DEPARTMENT": null, "X": "10", "Y": "Z", "CONCAT": "KERRY STEWART", "INFORMATION": null, "svcdatefromTXT": "1996", "svcdatetoTXT": "2022", "PLACEMENT": null, "BrickSize": "Full", "Coordinate": "Z,10", "Shape_Length": 1.8399103242079322, "Shape_Area": 0.1763353426877107}}, {"type": "Feature", "id": 299, "geometry": {"type": "Polygon", "coordinates": [[[-83.86807152805525, 34.23442340008144], [-83.86807084938683, 34.234424076418804], [-83.86807145088291, 34.2344246585026], [-83.86807212846901, 34.23442398126101], [-83.86807152805525, 34.23442340008144]]]}, "properties": {"OBJECTID": 299, "FNAME": null, "MNAME": null, "LNAME": null, "STATUS": null, "DEPARTMENT": null, "X": "11", "Y": "Z", "CONCAT": null, "INFORMATION": null, "svcdatefromTXT": null, "svcdatetoTXT": null, "PLACEMENT": null, "BrickSize": "Half", "Coordinate": "Z,11", "Shape_Length": 1.198625798784747, "Shape_Area": 0.08811221123381315}}, {"type": "Feature", "id": 300, "geometry": {"type": "Polygon", "coordinates": [[[-83.86808762506149, 34.23440870020842], [-83.86808626662686, 34.234410056486986], [-83.8680868702908, 34.23441063947757], [-83.86808822763673, 34.234409284097914], [-83.86808762506149, 34.23440870020842]]]}, "properties": {"OBJECTID": 300, "FNAME": null, "MNAME": null, "LNAME": null, "STATUS": null, "DEPARTMENT": null, "X": "0", "Y": "AA", "CONCAT": null, "INFORMATION": null, "svcdatefromTXT": null, "svcdatetoTXT": null, "PLACEMENT": null, "BrickSize": "Full", "Coordinate": "AA,0", "Shape_Length": 1.8431855488920315, "Shape_Area": 0.17707067682544855}}, {"type": "Feature", "id": 301, "geometry": {"type": "Polygon", "coordinates": [[[-83.86808615769043, 34.23441016531322], [-83.86808480143313, 34.2344115197939], [-83.86808540401155, 34.234412102781825], [-83.86808676026565, 34.23441074920271], [-83.86808615769043, 34.23441016531322]]]}, "properties": {"OBJECTID": 301, "FNAME": "MERRILL", "MNAME": "", "LNAME": "MORRIS", "STATUS": null, "DEPARTMENT": null, "X": "1", "Y": "AA", "CONCAT": "MERRILL MORRIS", "INFORMATION": null, "svcdatefromTXT": "2008", "svcdatetoTXT": "2023", "PLACEMENT": null, "BrickSize": "Full", "Coordinate": "AA,1", "Shape_Length": 1.8413324448501474, "Shape_Area": 0.17676541203497692}}, {"type": "Feature", "id": 302, "geometry": {"type": "Polygon", "coordinates": [[[-83.86808469140799, 34.23441162951905], [-83.86808333406196, 34.234412984898654], [-83.86808393664039, 34.2344135678866], [-83.86808529507192, 34.23441221250964], [-83.86808469140799, 34.23441162951905]]]}, "properties": {"OBJECTID": 302, "FNAME": "GLORIA", "MNAME": "", "LNAME": "BENNETT", "STATUS": null, "DEPARTMENT": null, "X": "2", "Y": "AA", "CONCAT": "GLORIA BENNETT", "INFORMATION": null, "svcdatefromTXT": "2007", "svcdatetoTXT": "2023", "PLACEMENT": null, "BrickSize": "Full", "Coordinate": "AA,2", "Shape_Length": 1.8426843505969575, "Shape_Area": 0.17697358670132}}, {"type": "Feature", "id": 303, "geometry": {"type": "Polygon", "coordinates": [[[-83.86808322403682, 34.23441309462381], [-83.86808186669074, 34.23441445000339], [-83.86808246926917, 34.23441503299133], [-83.86808382770076, 34.23441367761438], [-83.86808322403682, 34.23441309462381]]]}, "properties": {"OBJECTID": 303, "FNAME": "JOHN", "MNAME": "", "LNAME": "AMOSS", "STATUS": null, "DEPARTMENT": null, "X": "3", "Y": "AA", "CONCAT": "JOHN AMOSS", "INFORMATION": null, "svcdatefromTXT": "2006", "svcdatetoTXT": "2023", "PLACEMENT": null, "BrickSize": "Full", "Coordinate": "AA,3", "Shape_Length": 1.84268435545125, "Shape_Area": 0.17697358664754292}}, {"type": "Feature", "id": 304, "geometry": {"type": "Polygon", "coordinates": [[[-83.86808175884299, 34.23441455793066], [-83.86808040041134, 34.234415913307615], [-83.86808100407528, 34.234416496298195], [-83.86808236142141, 34.23441514091863], [-83.86808175884299, 34.23441455793066]]]}, "properties": {"OBJECTID": 304, "FNAME": "JOSEPH", "MNAME": "", "LNAME": "DAVID", "STATUS": null, "DEPARTMENT": null, "X": "4", "Y": "AA", "CONCAT": "JOSEPH DAVID", "INFORMATION": null, "svcdatefromTXT": "2003", "svcdatetoTXT": "2023", "PLACEMENT": null, "BrickSize": "Full", "Coordinate": "AA,4", "Shape_Length": 1.84268435545125, "Shape_Area": 0.17697358664754292}}, {"type": "Feature", "id": 305, "geometry": {"type": "Polygon", "coordinates": [[[-83.8680802914717, 34.2344160230354], [-83.86807893521741, 34.23441737661443], [-83.86807953779265, 34.23441796050399], [-83.86808089405012, 34.23441660602335], [-83.8680802914717, 34.2344160230354]]]}, "properties": {"OBJECTID": 305, "FNAME": "DEDE", "MNAME": "", "LNAME": "DeLAUGHTER", "STATUS": null, "DEPARTMENT": null, "X": "5", "Y": "AA", "CONCAT": "DEDE DeLAUGHTER", "INFORMATION": null, "svcdatefromTXT": "2002", "svcdatetoTXT": "2023", "PLACEMENT": null, "BrickSize": "Full", "Coordinate": "AA,5", "Shape_Length": 1.8413324561318118, "Shape_Area": 0.17676541507826898}}, {"type": "Feature", "id": 306, "geometry": {"type": "Polygon", "coordinates": [[[-83.86807882519224, 34.23441748633957], [-83.86807746784604, 34.234418841719126], [-83.86807807042128, 34.23441942560866], [-83.86807942885618, 34.23441806933019], [-83.86807882519224, 34.23441748633957]]]}, "properties": {"OBJECTID": 306, "FNAME": "SUSAN", "MNAME": "", "LNAME": "SMITH", "STATUS": null, "DEPARTMENT": null, "X": "6", "Y": "AA", "CONCAT": "SUSAN SMITH", "INFORMATION": null, "svcdatefromTXT": "1990", "svcdatetoTXT": "2023", "PLACEMENT": null, "BrickSize": "Full", "Coordinate": "AA,6", "Shape_Length": 1.8431855488920315, "Shape_Area": 0.17707067682544855}}, {"type": "Feature", "id": 307, "geometry": {"type": "Polygon", "coordinates": [[[-83.86807735782088, 34.23441895144427], [-83.8680760015665, 34.23442030502328], [-83.86807660522724, 34.23442088891547], [-83.86807796148481, 34.234419534434885], [-83.86807735782088, 34.23441895144427]]]}, "properties": {"OBJECTID": 307, "FNAME": "WILLIAM", "MNAME": "", "LNAME": "ROGERS", "STATUS": null, "DEPARTMENT": null, "X": "7", "Y": "AA", "CONCAT": "WILLIAM ROGERS", "INFORMATION": null, "svcdatefromTXT": "1990", "svcdatetoTXT": "2023", "PLACEMENT": null, "BrickSize": "Full", "Coordinate": "AA,7", "Shape_Length": 1.8417613487545301, "Shape_Area": 0.17692746473441218}}, {"type": "Feature", "id": 308, "geometry": {"type": "Polygon", "coordinates": [[[-83.86807589262683, 34.234420414751064], [-83.86807453419502, 34.23442177012792], [-83.86807513785577, 34.23442235402014], [-83.86807649520526, 34.23442099773903], [-83.86807589262683, 34.234420414751064]]]}, "properties": {"OBJECTID": 308, "FNAME": "SANDRA", "MNAME": "", "LNAME": "GARNER", "STATUS": null, "DEPARTMENT": null, "X": "8", "Y": "AA", "CONCAT": "SANDRA GARNER", "INFORMATION": null, "svcdatefromTXT": "1985", "svcdatetoTXT": "2023", "PLACEMENT": null, "BrickSize": "Full", "Coordinate": "AA,8", "Shape_Length": 1.8431854409836639, "Shape_Area": 0.17707067682544855}}, {"type": "Feature", "id": 309, "geometry": {"type": "Polygon", "coordinates": [[[-83.86807442525536, 34.2344218798557], [-83.86807306900087, 34.2344232334347], [-83.86807367157611, 34.234423817324256], [-83.86807502783378, 34.234422462843696], [-83.86807442525536, 34.2344218798557]]]}, "properties": {"OBJECTID": 309, "FNAME": "CHRISTINE", "MNAME": "", "LNAME": "JONICK", "STATUS": null, "DEPARTMENT": null, "X": "9", "Y": "AA", "CONCAT": "CHRISTINE JONICK", "INFORMATION": null, "svcdatefromTXT": "1990", "svcdatetoTXT": "2022", "PLACEMENT": null, "BrickSize": "Full", "Coordinate": "AA,9", "Shape_Length": 1.8413324562299687, "Shape_Area": 0.1767654142373915}}, {"type": "Feature", "id": 310, "geometry": {"type": "Polygon", "coordinates": [[[-83.86807296006121, 34.23442334316247], [-83.86807160162928, 34.2344246985393], [-83.86807220420452, 34.23442528242888], [-83.86807356263964, 34.23442392615047], [-83.86807296006121, 34.23442334316247]]]}, "properties": {"OBJECTID": 310, "FNAME": "SUZANNE", "MNAME": "", "LNAME": "NELMS", "STATUS": null, "DEPARTMENT": null, "X": "10", "Y": "AA", "CONCAT": "SUZANNE NELMS", "INFORMATION": null, "svcdatefromTXT": "2012", "svcdatetoTXT": "2022", "PLACEMENT": null, "BrickSize": "Full", "Coordinate": "AA,10", "Shape_Length": 1.8431801199973863, "Shape_Area": 0.1770242862941223}}, {"type": "Feature", "id": 311, "geometry": {"type": "Polygon", "coordinates": [[[-83.86808832500199, 34.23440937809958], [-83.8680876463338, 34.23441005443702], [-83.86808824675076, 34.23441063471493], [-83.86808892433343, 34.23440995837484], [-83.86808832500199, 34.23440937809958]]]}, "properties": {"OBJECTID": 311, "FNAME": null, "MNAME": null, "LNAME": null, "STATUS": null, "DEPARTMENT": null, "X": "0", "Y": "AB", "CONCAT": null, "INFORMATION": null, "svcdatefromTXT": null, "svcdatetoTXT": null, "PLACEMENT": null, "BrickSize": "Half", "Coordinate": "AB,0", "Shape_Length": 1.197199166255908, "Shape_Area": 0.08790086177934368}}, {"type": "Feature", "id": 312, "geometry": {"type": "Polygon", "coordinates": [[[-83.86808759077529, 34.234410110199875], [-83.86808623342615, 34.234411466481085], [-83.86808683275758, 34.234412046756354], [-83.86808819119223, 34.23441069047777], [-83.86808759077529, 34.234410110199875]]]}, "properties": {"OBJECTID": 312, "FNAME": null, "MNAME": null, "LNAME": null, "STATUS": null, "DEPARTMENT": null, "X": "1", "Y": "AB", "CONCAT": null, "INFORMATION": null, "svcdatefromTXT": null, "svcdatetoTXT": null, "PLACEMENT": null, "BrickSize": "Full", "Coordinate": "AB,1", "Shape_Length": 1.840413535378576, "Shape_Area": 0.17614412227570217}}, {"type": "Feature", "id": 313, "geometry": {"type": "Polygon", "coordinates": [[[-83.86808612558158, 34.23441157350679], [-83.86808476714688, 34.234412929785336], [-83.86808536756382, 34.234413510063256], [-83.86808672491301, 34.23441215378206], [-83.86808612558158, 34.23441157350679]]]}, "properties": {"OBJECTID": 313, "FNAME": null, "MNAME": null, "LNAME": null, "STATUS": null, "DEPARTMENT": null, "X": "2", "Y": "AB", "CONCAT": null, "INFORMATION": null, "svcdatefromTXT": null, "svcdatetoTXT": null, "PLACEMENT": null, "BrickSize": "Full", "Coordinate": "AB,2", "Shape_Length": 1.8404135353785762, "Shape_Area": 0.17614412227570217}}, {"type": "Feature", "id": 314, "geometry": {"type": "Polygon", "coordinates": [[[-83.86808465821044, 34.23441303861156], [-83.86808330195308, 34.23441439309222], [-83.8680839012845, 34.23441497336752], [-83.86808525754188, 34.23441361888684], [-83.86808465821044, 34.23441303861156]]]}, "properties": {"OBJECTID": 314, "FNAME": null, "MNAME": null, "LNAME": null, "STATUS": null, "DEPARTMENT": null, "X": "3", "Y": "AB", "CONCAT": null, "INFORMATION": null, "svcdatefromTXT": null, "svcdatetoTXT": null, "PLACEMENT": null, "BrickSize": "Full", "Coordinate": "AB,3", "Shape_Length": 1.8385604789576822, "Shape_Area": 0.17584004371136555}}, {"type": "Feature", "id": 315, "geometry": {"type": "Polygon", "coordinates": [[[-83.86808319193112, 34.23441450191579], [-83.86808183458182, 34.234415858196975], [-83.86808243391326, 34.234416438472266], [-83.86808379234806, 34.23441508219372], [-83.86808319193112, 34.23441450191579]]]}, "properties": {"OBJECTID": 315, "FNAME": null, "MNAME": null, "LNAME": null, "STATUS": null, "DEPARTMENT": null, "X": "4", "Y": "AB", "CONCAT": null, "INFORMATION": null, "svcdatefromTXT": null, "svcdatetoTXT": null, "PLACEMENT": null, "BrickSize": "Full", "Coordinate": "AB,4", "Shape_Length": 1.8404135516705988, "Shape_Area": 0.17614412494499931}}, {"type": "Feature", "id": 316, "geometry": {"type": "Polygon", "coordinates": [[[-83.86808172455986, 34.23441596702053], [-83.8680803683024, 34.23441732150117], [-83.86808096871937, 34.23441790177911], [-83.86808232497681, 34.23441654729847], [-83.86808172455986, 34.23441596702053]]]}, "properties": {"OBJECTID": 316, "FNAME": null, "MNAME": null, "LNAME": null, "STATUS": null, "DEPARTMENT": null, "X": "5", "Y": "AB", "CONCAT": null, "INFORMATION": null, "svcdatefromTXT": null, "svcdatetoTXT": null, "PLACEMENT": null, "BrickSize": "Full", "Coordinate": "AB,5", "Shape_Length": 1.8389893865243516, "Shape_Area": 0.1760021490278549}}, {"type": "Feature", "id": 317, "geometry": {"type": "Polygon", "coordinates": [[[-83.86808025718857, 34.23441743212524], [-83.86807890093105, 34.23441878660588], [-83.868079501348, 34.234419366883834], [-83.86808085760552, 34.2344180124032], [-83.86808025718857, 34.23441743212524]]]}, "properties": {"OBJECTID": 317, "FNAME": "PAULA", "MNAME": "", "LNAME": "SEFFENS", "STATUS": null, "DEPARTMENT": null, "X": "6", "Y": "AB", "CONCAT": "PAULA SEFFENS", "INFORMATION": null, "svcdatefromTXT": "2014", "svcdatetoTXT": "2023", "PLACEMENT": null, "BrickSize": "Full", "Coordinate": "AB,6", "Shape_Length": 1.8389893865243516, "Shape_Area": 0.1760021490278549}}, {"type": "Feature", "id": 318, "geometry": {"type": "Polygon", "coordinates": [[[-83.86807879199459, 34.23441889543207], [-83.86807743355966, 34.23442025171055], [-83.8680780339766, 34.23442083198852], [-83.86807939132603, 34.234419475707384], [-83.86807879199459, 34.23441889543207]]]}, "properties": {"OBJECTID": 318, "FNAME": "LESLIE", "MNAME": "", "LNAME": "BEAMAN", "STATUS": null, "DEPARTMENT": null, "X": "7", "Y": "AB", "CONCAT": "LESLIE BEAMAN", "INFORMATION": null, "svcdatefromTXT": "2013", "svcdatetoTXT": "2023", "PLACEMENT": null, "BrickSize": "Full", "Coordinate": "AB,7", "Shape_Length": 1.8404135468639558, "Shape_Area": 0.17614412363112822}}, {"type": "Feature", "id": 319, "geometry": {"type": "Polygon", "coordinates": [[[-83.86807732571508, 34.23442035873626], [-83.86807596836559, 34.23442171501735], [-83.86807656769703, 34.23442229529268], [-83.868077926132, 34.23442093901422], [-83.86807732571508, 34.23442035873626]]]}, "properties": {"OBJECTID": 319, "FNAME": "PHIL", "MNAME": "", "LNAME": "PATTERSON", "STATUS": null, "DEPARTMENT": null, "X": "8", "Y": "AB", "CONCAT": "PHIL PATTERSON", "INFORMATION": null, "svcdatefromTXT": "2012", "svcdatetoTXT": "2023", "PLACEMENT": null, "BrickSize": "Full", "Coordinate": "AB,8", "Shape_Length": 1.840413535378576, "Shape_Area": 0.17614412227570217}}, {"type": "Feature", "id": 320, "geometry": {"type": "Polygon", "coordinates": [[[-83.86807585834362, 34.234421823840925], [-83.86807450099408, 34.23442318012199], [-83.86807510032553, 34.234423760397334], [-83.86807645876056, 34.23442240411889], [-83.86807585834362, 34.234421823840925]]]}, "properties": {"OBJECTID": 320, "FNAME": "THOMAS", "MNAME": "", "LNAME": "McCOY", "STATUS": null, "DEPARTMENT": null, "X": "9", "Y": "AB", "CONCAT": "THOMAS McCOY", "INFORMATION": null, "svcdatefromTXT": "2010", "svcdatetoTXT": "2023", "PLACEMENT": null, "BrickSize": "Full", "Coordinate": "AB,9", "Shape_Length": 1.8404135401852193, "Shape_Area": 0.17614412358957324}}, {"type": "Feature", "id": 321, "geometry": {"type": "Polygon", "coordinates": [[[-83.86807439097211, 34.234423288945564], [-83.8680730347144, 34.234424643426124], [-83.86807363513137, 34.234425223704086], [-83.86807499138905, 34.23442386922353], [-83.86807439097211, 34.234423288945564]]]}, "properties": {"OBJECTID": 321, "FNAME": "CHRISTOPHER", "MNAME": "", "LNAME": "BORING", "STATUS": null, "DEPARTMENT": null, "X": "10", "Y": "AB", "CONCAT": "CHRISTOPHER BORING", "INFORMATION": null, "svcdatefromTXT": "2009", "svcdatetoTXT": "2023", "PLACEMENT": null, "BrickSize": "Full", "Coordinate": "AB,10", "Shape_Length": 1.8389893752515492, "Shape_Area": 0.17600214598456282}}, {"type": "Feature", "id": 322, "geometry": {"type": "Polygon", "coordinates": [[[-83.86807292577792, 34.23442475225232], [-83.86807224710631, 34.23442542949128], [-83.86807284752327, 34.23442600976925], [-83.86807352510938, 34.23442533252766], [-83.86807292577792, 34.23442475225232]]]}, "properties": {"OBJECTID": 322, "FNAME": null, "MNAME": null, "LNAME": null, "STATUS": null, "DEPARTMENT": null, "X": "11", "Y": "AB", "CONCAT": null, "INFORMATION": null, "svcdatefromTXT": null, "svcdatetoTXT": null, "PLACEMENT": null, "BrickSize": "Half", "Coordinate": "AB,11", "Shape_Length": 1.1977047633524789, "Shape_Area": 0.08796054788414252}}, {"type": "Feature", "id": 323, "geometry": {"type": "Polygon", "coordinates": [[[-83.86808902278102, 34.2344100532807], [-83.86808766543189, 34.234411409561936], [-83.86808826584567, 34.23441199074141], [-83.86808962427712, 34.234410635364405], [-83.86808902278102, 34.2344100532807]]]}, "properties": {"OBJECTID": 323, "FNAME": null, "MNAME": null, "LNAME": null, "STATUS": null, "DEPARTMENT": null, "X": "0", "Y": "AC", "CONCAT": null, "INFORMATION": null, "svcdatefromTXT": null, "svcdatetoTXT": null, "PLACEMENT": null, "BrickSize": "Full", "Coordinate": "AC,0", "Shape_Length": 1.8413344876170719, "Shape_Area": 0.17647780382429493}}, {"type": "Feature", "id": 324, "geometry": {"type": "Polygon", "coordinates": [[[-83.86808755540994, 34.234411518385514], [-83.86808619915264, 34.23441287286621], [-83.86808680064875, 34.23441345494992], [-83.86808815690604, 34.23441210046921], [-83.86808755540994, 34.234411518385514]]]}, "properties": {"OBJECTID": 324, "FNAME": null, "MNAME": null, "LNAME": null, "STATUS": null, "DEPARTMENT": null, "X": "1", "Y": "AC", "CONCAT": null, "INFORMATION": null, "svcdatefromTXT": null, "svcdatetoTXT": null, "PLACEMENT": null, "BrickSize": "Full", "Coordinate": "AC,1", "Shape_Length": 1.8404114123582702, "Shape_Area": 0.17643227219482557}}, {"type": "Feature", "id": 325, "geometry": {"type": "Polygon", "coordinates": [[[-83.86808609021621, 34.23441298169244], [-83.86808473178148, 34.23441433797098], [-83.86808533327759, 34.234414920054704], [-83.8680866917123, 34.234413563776144], [-83.86808609021621, 34.23441298169244]]]}, "properties": {"OBJECTID": 325, "FNAME": null, "MNAME": null, "LNAME": null, "STATUS": null, "DEPARTMENT": null, "X": "2", "Y": "AC", "CONCAT": null, "INFORMATION": null, "svcdatefromTXT": null, "svcdatetoTXT": null, "PLACEMENT": null, "BrickSize": "Full", "Coordinate": "AC,2", "Shape_Length": 1.8422590429714978, "Shape_Area": 0.17669060442714496}}, {"type": "Feature", "id": 326, "geometry": {"type": "Polygon", "coordinates": [[[-83.86808462284503, 34.2344144467972], [-83.86808326441026, 34.234415803075755], [-83.86808386590636, 34.23441638515947], [-83.86808522434114, 34.23441502888093], [-83.86808462284503, 34.2344144467972]]]}, "properties": {"OBJECTID": 326, "FNAME": null, "MNAME": null, "LNAME": null, "STATUS": null, "DEPARTMENT": null, "X": "3", "Y": "AC", "CONCAT": null, "INFORMATION": null, "svcdatefromTXT": null, "svcdatetoTXT": null, "PLACEMENT": null, "BrickSize": "Full", "Coordinate": "AC,3", "Shape_Length": 1.8422590542923376, "Shape_Area": 0.17669060610278892}}, {"type": "Feature", "id": 327, "geometry": {"type": "Polygon", "coordinates": [[[-83.86808315656567, 34.234415910101454], [-83.86808179921638, 34.2344172663826], [-83.86808240071248, 34.23441784846633], [-83.86808375806179, 34.234416492185176], [-83.86808315656567, 34.234415910101454]]]}, "properties": {"OBJECTID": 327, "FNAME": null, "MNAME": null, "LNAME": null, "STATUS": null, "DEPARTMENT": null, "X": "4", "Y": "AC", "CONCAT": null, "INFORMATION": null, "svcdatefromTXT": null, "svcdatetoTXT": null, "PLACEMENT": null, "BrickSize": "Full", "Coordinate": "AC,4", "Shape_Length": 1.841840991892751, "Shape_Area": 0.1766212852784611}}, {"type": "Feature", "id": 328, "geometry": {"type": "Polygon", "coordinates": [[[-83.86808168919441, 34.23441737520618], [-83.86808033293693, 34.23441872968683], [-83.86808093443304, 34.23441931177056], [-83.86808229069051, 34.234417957289914], [-83.86808168919441, 34.23441737520618]]]}, "properties": {"OBJECTID": 328, "FNAME": null, "MNAME": null, "LNAME": null, "STATUS": null, "DEPARTMENT": null, "X": "5", "Y": "AC", "CONCAT": null, "INFORMATION": null, "svcdatefromTXT": null, "svcdatetoTXT": null, "PLACEMENT": null, "BrickSize": "Full", "Coordinate": "AC,5", "Shape_Length": 1.8404114074893347, "Shape_Area": 0.17643227035418385}}, {"type": "Feature", "id": 329, "geometry": {"type": "Polygon", "coordinates": [[[-83.86808022400047, 34.23441883851303], [-83.86807886556555, 34.23442019479152], [-83.86807946706165, 34.234420776875275], [-83.86808082549659, 34.234419420596765], [-83.86808022400047, 34.23441883851303]]]}, "properties": {"OBJECTID": 329, "FNAME": null, "MNAME": null, "LNAME": null, "STATUS": null, "DEPARTMENT": null, "X": "6", "Y": "AC", "CONCAT": null, "INFORMATION": null, "svcdatefromTXT": null, "svcdatetoTXT": null, "PLACEMENT": null, "BrickSize": "Full", "Coordinate": "AC,6", "Shape_Length": 1.8422590592029966, "Shape_Area": 0.17669060657333807}}, {"type": "Feature", "id": 330, "geometry": {"type": "Polygon", "coordinates": [[[-83.86807875662907, 34.23442030361772], [-83.8680774003715, 34.23442165809833], [-83.86807800186763, 34.23442224018208], [-83.86807935812519, 34.23442088570147], [-83.86807875662907, 34.23442030361772]]]}, "properties": {"OBJECTID": 330, "FNAME": null, "MNAME": null, "LNAME": null, "STATUS": null, "DEPARTMENT": null, "X": "7", "Y": "AC", "CONCAT": null, "INFORMATION": null, "svcdatefromTXT": null, "svcdatetoTXT": null, "PLACEMENT": null, "BrickSize": "Full", "Coordinate": "AC,7", "Shape_Length": 1.8404114123582702, "Shape_Area": 0.17643227219482557}}, {"type": "Feature", "id": 331, "geometry": {"type": "Polygon", "coordinates": [[[-83.86807729034953, 34.234421766921905], [-83.86807593300004, 34.234423123202994], [-83.86807653449614, 34.23442370528676], [-83.86807789184564, 34.234422349005655], [-83.86807729034953, 34.234421766921905]]]}, "properties": {"OBJECTID": 331, "FNAME": null, "MNAME": null, "LNAME": null, "STATUS": null, "DEPARTMENT": null, "X": "8", "Y": "AC", "CONCAT": null, "INFORMATION": null, "svcdatefromTXT": null, "svcdatetoTXT": null, "PLACEMENT": null, "BrickSize": "Full", "Coordinate": "AC,8", "Shape_Length": 1.841840991892751, "Shape_Area": 0.1766212852784611}}, {"type": "Feature", "id": 332, "geometry": {"type": "Polygon", "coordinates": [[[-83.86807582297487, 34.23442323292813], [-83.86807446672039, 34.234424586507124], [-83.86807506821651, 34.23442516859089], [-83.86807642447417, 34.23442381411031], [-83.86807582297487, 34.23442323292813]]]}, "properties": {"OBJECTID": 332, "FNAME": null, "MNAME": null, "LNAME": null, "STATUS": null, "DEPARTMENT": null, "X": "9", "Y": "AC", "CONCAT": null, "INFORMATION": null, "svcdatefromTXT": null, "svcdatetoTXT": null, "PLACEMENT": null, "BrickSize": "Full", "Coordinate": "AC,9", "Shape_Length": 1.8399103242079322, "Shape_Area": 0.1763353426877107}}, {"type": "Feature", "id": 333, "geometry": {"type": "Polygon", "coordinates": [[[-83.86807435778073, 34.234424696234896], [-83.86807299934881, 34.23442605161175], [-83.86807360084492, 34.23442663369553], [-83.86807495928002, 34.23442527741711], [-83.86807435778073, 34.234424696234896]]]}, "properties": {"OBJECTID": 333, "FNAME": null, "MNAME": null, "LNAME": null, "STATUS": null, "DEPARTMENT": null, "X": "10", "Y": "AC", "CONCAT": null, "INFORMATION": null, "svcdatefromTXT": null, "svcdatetoTXT": null, "PLACEMENT": null, "BrickSize": "Full", "Coordinate": "AC,10", "Shape_Length": 1.84175799464013, "Shape_Area": 0.17659356895626513}}, {"type": "Feature", "id": 334, "geometry": {"type": "Polygon", "coordinates": [[[-83.86808972164238, 34.23441072936604], [-83.868089042971, 34.23441140660508], [-83.86808964447032, 34.23441198778722], [-83.86809032314167, 34.234411310548175], [-83.86808972164238, 34.23441072936604]]]}, "properties": {"OBJECTID": 334, "FNAME": null, "MNAME": null, "LNAME": null, "STATUS": null, "DEPARTMENT": null, "X": "0", "Y": "AD", "CONCAT": null, "INFORMATION": null, "svcdatefromTXT": null, "svcdatetoTXT": null, "PLACEMENT": null, "BrickSize": "Half", "Coordinate": "AD,0", "Shape_Length": 1.1990537814389328, "Shape_Area": 0.08818373701176838}}, {"type": "Feature", "id": 335, "geometry": {"type": "Polygon", "coordinates": [[[-83.86808898741567, 34.234411461466344], [-83.86808763006654, 34.23441281774757], [-83.86808823047714, 34.23441339982864], [-83.8680895889118, 34.23441204355005], [-83.86808898741567, 34.234411461466344]]]}, "properties": {"OBJECTID": 335, "FNAME": null, "MNAME": null, "LNAME": null, "STATUS": null, "DEPARTMENT": null, "X": "1", "Y": "AD", "CONCAT": null, "INFORMATION": null, "svcdatefromTXT": null, "svcdatetoTXT": null, "PLACEMENT": null, "BrickSize": "Full", "Coordinate": "AD,1", "Shape_Length": 1.8418357267850873, "Shape_Area": 0.17657478494869966}}, {"type": "Feature", "id": 336, "geometry": {"type": "Polygon", "coordinates": [[[-83.86808752222197, 34.234412924773295], [-83.86808616378727, 34.23441428105186], [-83.8680867652834, 34.23441486313557], [-83.8680881237181, 34.234413506857], [-83.86808752222197, 34.234412924773295]]]}, "properties": {"OBJECTID": 336, "FNAME": null, "MNAME": null, "LNAME": null, "STATUS": null, "DEPARTMENT": null, "X": "2", "Y": "AD", "CONCAT": null, "INFORMATION": null, "svcdatefromTXT": null, "svcdatetoTXT": null, "PLACEMENT": null, "BrickSize": "Full", "Coordinate": "AD,2", "Shape_Length": 1.8422590429110246, "Shape_Area": 0.17669060389915212}}, {"type": "Feature", "id": 337, "geometry": {"type": "Polygon", "coordinates": [[[-83.86808605485083, 34.23441438987807], [-83.86808469859348, 34.23441574435876], [-83.86808530008959, 34.23441632644247], [-83.86808665634695, 34.234414971961776], [-83.86808605485083, 34.23441438987807]]]}, "properties": {"OBJECTID": 337, "FNAME": null, "MNAME": null, "LNAME": null, "STATUS": null, "DEPARTMENT": null, "X": "3", "Y": "AD", "CONCAT": null, "INFORMATION": null, "svcdatefromTXT": null, "svcdatetoTXT": null, "PLACEMENT": null, "BrickSize": "Full", "Coordinate": "AD,3", "Shape_Length": 1.8404114123582702, "Shape_Area": 0.17643227219482557}}, {"type": "Feature", "id": 338, "geometry": {"type": "Polygon", "coordinates": [[[-83.8680845885715, 34.234415853182334], [-83.86808323122222, 34.234417209463516], [-83.86808383271834, 34.234417791547244], [-83.86808519006762, 34.23441643526606], [-83.8680845885715, 34.234415853182334]]]}, "properties": {"OBJECTID": 338, "FNAME": null, "MNAME": null, "LNAME": null, "STATUS": null, "DEPARTMENT": null, "X": "4", "Y": "AD", "CONCAT": null, "INFORMATION": null, "svcdatefromTXT": null, "svcdatetoTXT": null, "PLACEMENT": null, "BrickSize": "Full", "Coordinate": "AD,4", "Shape_Length": 1.8418409870238155, "Shape_Area": 0.17662128343537498}}, {"type": "Feature", "id": 339, "geometry": {"type": "Polygon", "coordinates": [[[-83.86808312120024, 34.2344173182871], [-83.8680817649428, 34.23441867276776], [-83.86808236643891, 34.23441925485149], [-83.86808372269635, 34.23441790037082], [-83.86808312120024, 34.2344173182871]]]}, "properties": {"OBJECTID": 339, "FNAME": null, "MNAME": null, "LNAME": null, "STATUS": null, "DEPARTMENT": null, "X": "5", "Y": "AD", "CONCAT": null, "INFORMATION": null, "svcdatefromTXT": null, "svcdatetoTXT": null, "PLACEMENT": null, "BrickSize": "Full", "Coordinate": "AD,5", "Shape_Length": 1.8404114123582702, "Shape_Area": 0.17643227219482557}}, {"type": "Feature", "id": 340, "geometry": {"type": "Polygon", "coordinates": [[[-83.86808165382895, 34.23441878339182], [-83.86808029757145, 34.234420137872455], [-83.86808089906758, 34.23442071995619], [-83.86808225532506, 34.234419365475546], [-83.86808165382895, 34.23441878339182]]]}, "properties": {"OBJECTID": 340, "FNAME": null, "MNAME": null, "LNAME": null, "STATUS": null, "DEPARTMENT": null, "X": "6", "Y": "AD", "CONCAT": null, "INFORMATION": null, "svcdatefromTXT": null, "svcdatetoTXT": null, "PLACEMENT": null, "BrickSize": "Full", "Coordinate": "AD,6", "Shape_Length": 1.8404114123582702, "Shape_Area": 0.17643227219482557}}, {"type": "Feature", "id": 341, "geometry": {"type": "Polygon", "coordinates": [[[-83.86808018863499, 34.234420246698676], [-83.86807883020005, 34.23442160297716], [-83.86807943169617, 34.23442218506089], [-83.8680807901311, 34.23442082878242], [-83.86808018863499, 34.234420246698676]]]}, "properties": {"OBJECTID": 341, "FNAME": null, "MNAME": null, "LNAME": null, "STATUS": null, "DEPARTMENT": null, "X": "7", "Y": "AD", "CONCAT": null, "INFORMATION": null, "svcdatefromTXT": null, "svcdatetoTXT": null, "PLACEMENT": null, "BrickSize": "Full", "Coordinate": "AD,7", "Shape_Length": 1.8422590429714978, "Shape_Area": 0.17669060442714496}}, {"type": "Feature", "id": 342, "geometry": {"type": "Polygon", "coordinates": [[[-83.86807872235228, 34.234421710904435], [-83.86807736500599, 34.23442306628399], [-83.86807796650211, 34.23442364836774], [-83.86807932385159, 34.23442229208663], [-83.86807872235228, 34.234421710904435]]]}, "properties": {"OBJECTID": 342, "FNAME": null, "MNAME": null, "LNAME": null, "STATUS": null, "DEPARTMENT": null, "X": "8", "Y": "AD", "CONCAT": null, "INFORMATION": null, "svcdatefromTXT": null, "svcdatetoTXT": null, "PLACEMENT": null, "BrickSize": "Full", "Coordinate": "AD,8", "Shape_Length": 1.8413398612544887, "Shape_Area": 0.17652430415405637}}, {"type": "Feature", "id": 343, "geometry": {"type": "Polygon", "coordinates": [[[-83.86807725498082, 34.23442317600912], [-83.86807589763448, 34.23442453138863], [-83.8680764980451, 34.23442511346975], [-83.86807785648013, 34.2344237571913], [-83.86807725498082, 34.23442317600912]]]}, "properties": {"OBJECTID": 343, "FNAME": null, "MNAME": null, "LNAME": null, "STATUS": null, "DEPARTMENT": null, "X": "9", "Y": "AD", "CONCAT": null, "INFORMATION": null, "svcdatefromTXT": null, "svcdatetoTXT": null, "PLACEMENT": null, "BrickSize": "Full", "Coordinate": "AD,9", "Shape_Length": 1.841334584768933, "Shape_Area": 0.17647780162188034}}, {"type": "Feature", "id": 344, "geometry": {"type": "Polygon", "coordinates": [[[-83.86807578760931, 34.23442464111378], [-83.86807443135481, 34.23442599469278], [-83.86807503285092, 34.234426576776535], [-83.86807638910861, 34.234425222295954], [-83.86807578760931, 34.23442464111378]]]}, "properties": {"OBJECTID": 344, "FNAME": null, "MNAME": null, "LNAME": null, "STATUS": null, "DEPARTMENT": null, "X": "10", "Y": "AD", "CONCAT": null, "INFORMATION": null, "svcdatefromTXT": null, "svcdatetoTXT": null, "PLACEMENT": null, "BrickSize": "Full", "Coordinate": "AD,10", "Shape_Length": 1.8399103242079322, "Shape_Area": 0.1763353426877107}}, {"type": "Feature", "id": 345, "geometry": {"type": "Polygon", "coordinates": [[[-83.86807432241515, 34.23442610442055], [-83.86807364374671, 34.234426780757936], [-83.86807424524284, 34.234427362841714], [-83.86807492391445, 34.234426685602756], [-83.86807432241515, 34.23442610442055]]]}, "properties": {"OBJECTID": 345, "FNAME": null, "MNAME": null, "LNAME": null, "STATUS": null, "DEPARTMENT": null, "X": "11", "Y": "AD", "CONCAT": null, "INFORMATION": null, "svcdatefromTXT": null, "svcdatetoTXT": null, "PLACEMENT": null, "BrickSize": "Half", "Coordinate": "AD,11", "Shape_Length": 1.1990493210187037, "Shape_Area": 0.08818734279141342}}, {"type": "Feature", "id": 346, "geometry": {"type": "Polygon", "coordinates": [[[-83.86809041942143, 34.23441140454719], [-83.86808906207231, 34.23441276082841], [-83.86808966465077, 34.23441334381634], [-83.8680910219967, 34.23441198843666], [-83.86809041942143, 34.23441140454719]]]}, "properties": {"OBJECTID": 346, "FNAME": null, "MNAME": null, "LNAME": null, "STATUS": null, "DEPARTMENT": null, "X": "0", "Y": "AE", "CONCAT": null, "INFORMATION": null, "svcdatefromTXT": null, "svcdatetoTXT": null, "PLACEMENT": null, "BrickSize": "Full", "Coordinate": "AE,0", "Shape_Length": 1.8427619818998577, "Shape_Area": 0.17695480405529163}}, {"type": "Feature", "id": 347, "geometry": {"type": "Polygon", "coordinates": [[[-83.86808895205034, 34.23441286965201], [-83.86808759579306, 34.23441422413273], [-83.86808819837152, 34.234414807120636], [-83.86808955462563, 34.234413453541485], [-83.86808895205034, 34.23441286965201]]]}, "properties": {"OBJECTID": 347, "FNAME": null, "MNAME": null, "LNAME": null, "STATUS": null, "DEPARTMENT": null, "X": "1", "Y": "AE", "CONCAT": null, "INFORMATION": null, "svcdatefromTXT": null, "svcdatetoTXT": null, "PLACEMENT": null, "BrickSize": "Full", "Coordinate": "AE,1", "Shape_Length": 1.8413324448501474, "Shape_Area": 0.17676541203497692}}, {"type": "Feature", "id": 348, "geometry": {"type": "Polygon", "coordinates": [[[-83.86808748685662, 34.23441433295894], [-83.8680861284219, 34.234415689237494], [-83.86808673100035, 34.23441627222544], [-83.86808808943191, 34.234414916848436], [-83.86808748685662, 34.23441433295894]]]}, "properties": {"OBJECTID": 348, "FNAME": null, "MNAME": null, "LNAME": null, "STATUS": null, "DEPARTMENT": null, "X": "2", "Y": "AE", "CONCAT": null, "INFORMATION": null, "svcdatefromTXT": null, "svcdatetoTXT": null, "PLACEMENT": null, "BrickSize": "Full", "Coordinate": "AE,2", "Shape_Length": 1.8431801200948965, "Shape_Area": 0.1770242854508004}}, {"type": "Feature", "id": 349, "geometry": {"type": "Polygon", "coordinates": [[[-83.86808601948545, 34.23441579806372], [-83.86808466105066, 34.234417154342275], [-83.86808526362913, 34.23441773733021], [-83.86808662206072, 34.23441638195322], [-83.86808601948545, 34.23441579806372]]]}, "properties": {"OBJECTID": 349, "FNAME": null, "MNAME": null, "LNAME": null, "STATUS": null, "DEPARTMENT": null, "X": "3", "Y": "AE", "CONCAT": null, "INFORMATION": null, "svcdatefromTXT": null, "svcdatetoTXT": null, "PLACEMENT": null, "BrickSize": "Full", "Coordinate": "AE,3", "Shape_Length": 1.8431801153459721, "Shape_Area": 0.17702428466186665}}, {"type": "Feature", "id": 350, "geometry": {"type": "Polygon", "coordinates": [[[-83.86808455320609, 34.23441726136798], [-83.8680831958568, 34.23441861764917], [-83.86808379843525, 34.2344192006371], [-83.86808515686688, 34.23441784526015], [-83.86808455320609, 34.23441726136798]]]}, "properties": {"OBJECTID": 350, "FNAME": null, "MNAME": null, "LNAME": null, "STATUS": null, "DEPARTMENT": null, "X": "4", "Y": "AE", "CONCAT": null, "INFORMATION": null, "svcdatefromTXT": null, "svcdatetoTXT": null, "PLACEMENT": null, "BrickSize": "Full", "Coordinate": "AE,4", "Shape_Length": 1.8431854409836639, "Shape_Area": 0.17707067682544855}}, {"type": "Feature", "id": 351, "geometry": {"type": "Polygon", "coordinates": [[[-83.86808308583481, 34.234418726472725], [-83.86808172957734, 34.234420080953385], [-83.86808233215581, 34.23442066394134], [-83.8680836884101, 34.23441931036226], [-83.86808308583481, 34.234418726472725]]]}, "properties": {"OBJECTID": 351, "FNAME": null, "MNAME": null, "LNAME": null, "STATUS": null, "DEPARTMENT": null, "X": "5", "Y": "AE", "CONCAT": null, "INFORMATION": null, "svcdatefromTXT": null, "svcdatetoTXT": null, "PLACEMENT": null, "BrickSize": "Full", "Coordinate": "AE,5", "Shape_Length": 1.8413324561318118, "Shape_Area": 0.17676541507826898}}, {"type": "Feature", "id": 352, "geometry": {"type": "Polygon", "coordinates": [[[-83.8680816206377, 34.23442019068116], [-83.86808026220598, 34.23442154605811], [-83.86808086478442, 34.23442212904607], [-83.86808222321616, 34.23442077366913], [-83.8680816206377, 34.23442019068116]]]}, "properties": {"OBJECTID": 352, "FNAME": null, "MNAME": null, "LNAME": null, "STATUS": null, "DEPARTMENT": null, "X": "6", "Y": "AE", "CONCAT": null, "INFORMATION": null, "svcdatefromTXT": null, "svcdatetoTXT": null, "PLACEMENT": null, "BrickSize": "Full", "Coordinate": "AE,6", "Shape_Length": 1.842678928473304, "Shape_Area": 0.17692719537372675}}, {"type": "Feature", "id": 353, "geometry": {"type": "Polygon", "coordinates": [[[-83.86808015326633, 34.2344216557859], [-83.86807879701193, 34.234423009364924], [-83.8680793995904, 34.2344235923529], [-83.86808075584479, 34.23442223877385], [-83.86808015326633, 34.2344216557859]]]}, "properties": {"OBJECTID": 353, "FNAME": null, "MNAME": null, "LNAME": null, "STATUS": null, "DEPARTMENT": null, "X": "7", "Y": "AE", "CONCAT": null, "INFORMATION": null, "svcdatefromTXT": null, "svcdatetoTXT": null, "PLACEMENT": null, "BrickSize": "Full", "Coordinate": "AE,7", "Shape_Length": 1.840831229432697, "Shape_Area": 0.17666843175144964}}, {"type": "Feature", "id": 354, "geometry": {"type": "Polygon", "coordinates": [[[-83.86807868698678, 34.23442311909009], [-83.86807732964046, 34.23442447446961], [-83.86807793221574, 34.23442505835917], [-83.86807929065075, 34.23442370208068], [-83.86807868698678, 34.23442311909009]]]}, "properties": {"OBJECTID": 354, "FNAME": null, "MNAME": null, "LNAME": null, "STATUS": null, "DEPARTMENT": null, "X": "8", "Y": "AE", "CONCAT": null, "INFORMATION": null, "svcdatefromTXT": null, "svcdatetoTXT": null, "PLACEMENT": null, "BrickSize": "Full", "Coordinate": "AE,8", "Shape_Length": 1.8431855536475545, "Shape_Area": 0.17707067761438228}}, {"type": "Feature", "id": 355, "geometry": {"type": "Polygon", "coordinates": [[[-83.86807721961529, 34.23442458419475], [-83.8680758633608, 34.23442593777378], [-83.8680764670216, 34.23442652166597], [-83.86807782219374, 34.23442516718273], [-83.86807721961529, 34.23442458419475]]]}, "properties": {"OBJECTID": 355, "FNAME": null, "MNAME": null, "LNAME": null, "STATUS": null, "DEPARTMENT": null, "X": "9", "Y": "AE", "CONCAT": null, "INFORMATION": null, "svcdatefromTXT": null, "svcdatetoTXT": null, "PLACEMENT": null, "BrickSize": "Full", "Coordinate": "AE,9", "Shape_Length": 1.841337816467302, "Shape_Area": 0.17681169876278668}}, {"type": "Feature", "id": 356, "geometry": {"type": "Polygon", "coordinates": [[[-83.86807575442114, 34.23442604750156], [-83.86807439598923, 34.23442740287841], [-83.86807499856451, 34.234427986767976], [-83.86807635699961, 34.234426630489544], [-83.86807575442114, 34.23442604750156]]]}, "properties": {"OBJECTID": 356, "FNAME": null, "MNAME": null, "LNAME": null, "STATUS": null, "DEPARTMENT": null, "X": "10", "Y": "AE", "CONCAT": null, "INFORMATION": null, "svcdatefromTXT": null, "svcdatetoTXT": null, "PLACEMENT": null, "BrickSize": "Full", "Coordinate": "AE,10", "Shape_Length": 1.8431801152484617, "Shape_Area": 0.17702428550518856}}, {"type": "Feature", "id": 357, "geometry": {"type": "Polygon", "coordinates": [[[-83.86809111828282, 34.23441208063251], [-83.86809043961144, 34.234412757871574], [-83.86809104111076, 34.234413339053674], [-83.86809171869344, 34.23441266271357], [-83.86809111828282, 34.23441208063251]]]}, "properties": {"OBJECTID": 357, "FNAME": null, "MNAME": null, "LNAME": null, "STATUS": null, "DEPARTMENT": null, "X": "0", "Y": "AF", "CONCAT": null, "INFORMATION": null, "svcdatefromTXT": null, "svcdatetoTXT": null, "PLACEMENT": null, "BrickSize": "Half", "Coordinate": "AF,0", "Shape_Length": 1.1986258246965455, "Shape_Area": 0.08811221123381315}}, {"type": "Feature", "id": 358, "geometry": {"type": "Polygon", "coordinates": [[[-83.86809038405612, 34.23441281273281], [-83.86808902670698, 34.23441416901409], [-83.8680896271176, 34.234414751095116], [-83.86809098555224, 34.234413394816514], [-83.86809038405612, 34.23441281273281]]]}, "properties": {"OBJECTID": 358, "FNAME": null, "MNAME": null, "LNAME": null, "STATUS": null, "DEPARTMENT": null, "X": "1", "Y": "AF", "CONCAT": null, "INFORMATION": null, "svcdatefromTXT": null, "svcdatetoTXT": null, "PLACEMENT": null, "BrickSize": "Full", "Coordinate": "AF,1", "Shape_Length": 1.8418357382262323, "Shape_Area": 0.17657478767910711}}, {"type": "Feature", "id": 359, "geometry": {"type": "Polygon", "coordinates": [[[-83.86808891886241, 34.23441427603978], [-83.86808756042771, 34.23441563231836], [-83.86808816192385, 34.23441621440207], [-83.86808952035854, 34.23441485812347], [-83.86808891886241, 34.23441427603978]]]}, "properties": {"OBJECTID": 359, "FNAME": null, "MNAME": null, "LNAME": null, "STATUS": null, "DEPARTMENT": null, "X": "2", "Y": "AF", "CONCAT": null, "INFORMATION": null, "svcdatefromTXT": null, "svcdatetoTXT": null, "PLACEMENT": null, "BrickSize": "Full", "Coordinate": "AF,2", "Shape_Length": 1.8422590429714978, "Shape_Area": 0.17669060442714496}}, {"type": "Feature", "id": 360, "geometry": {"type": "Polygon", "coordinates": [[[-83.86808745149125, 34.234415741144595], [-83.8680860952339, 34.2344170956253], [-83.86808669564454, 34.234417677706354], [-83.86808805190189, 34.23441632322566], [-83.86808745149125, 34.234415741144595]]]}, "properties": {"OBJECTID": 360, "FNAME": null, "MNAME": null, "LNAME": null, "STATUS": null, "DEPARTMENT": null, "X": "3", "Y": "AF", "CONCAT": null, "INFORMATION": null, "svcdatefromTXT": null, "svcdatetoTXT": null, "PLACEMENT": null, "BrickSize": "Full", "Coordinate": "AF,3", "Shape_Length": 1.8399828311801194, "Shape_Area": 0.17627016871897794}}, {"type": "Feature", "id": 361, "geometry": {"type": "Polygon", "coordinates": [[[-83.86808598520875, 34.234417205350454], [-83.86808462786266, 34.23441856073005], [-83.86808522827327, 34.23441914281114], [-83.86808658670809, 34.23441778653257], [-83.86808598520875, 34.234417205350454]]]}, "properties": {"OBJECTID": 361, "FNAME": null, "MNAME": null, "LNAME": null, "STATUS": null, "DEPARTMENT": null, "X": "4", "Y": "AF", "CONCAT": null, "INFORMATION": null, "svcdatefromTXT": null, "svcdatetoTXT": null, "PLACEMENT": null, "BrickSize": "Full", "Coordinate": "AF,4", "Shape_Length": 1.8413345961545793, "Shape_Area": 0.17647780382429493}}, {"type": "Feature", "id": 362, "geometry": {"type": "Polygon", "coordinates": [[[-83.86808451783752, 34.23441867045521], [-83.86808316158323, 34.23442002403431], [-83.86808376307937, 34.23442060611802], [-83.86808511933681, 34.23441925163735], [-83.86808451783752, 34.23441867045521]]]}, "properties": {"OBJECTID": 362, "FNAME": null, "MNAME": null, "LNAME": null, "STATUS": null, "DEPARTMENT": null, "X": "5", "Y": "AF", "CONCAT": null, "INFORMATION": null, "svcdatefromTXT": null, "svcdatetoTXT": null, "PLACEMENT": null, "BrickSize": "Full", "Coordinate": "AF,5", "Shape_Length": 1.8399103193368296, "Shape_Area": 0.1763353408476801}}, {"type": "Feature", "id": 363, "geometry": {"type": "Polygon", "coordinates": [[[-83.8680830504662, 34.234420135559944], [-83.86808169421188, 34.23442148913903], [-83.86808229570802, 34.23442207122277], [-83.86808365196552, 34.2344207167421], [-83.8680830504662, 34.234420135559944]]]}, "properties": {"OBJECTID": 363, "FNAME": null, "MNAME": null, "LNAME": null, "STATUS": null, "DEPARTMENT": null, "X": "6", "Y": "AF", "CONCAT": null, "INFORMATION": null, "svcdatefromTXT": null, "svcdatetoTXT": null, "PLACEMENT": null, "BrickSize": "Full", "Coordinate": "AF,6", "Shape_Length": 1.8399103355845996, "Shape_Area": 0.1763353448889031}}, {"type": "Feature", "id": 364, "geometry": {"type": "Polygon", "coordinates": [[[-83.86808158527224, 34.234421598866824], [-83.86808022684048, 34.23442295424373], [-83.86808082833663, 34.23442353632749], [-83.86808218568605, 34.23442218004632], [-83.86808158527224, 34.234421598866824]]]}, "properties": {"OBJECTID": 364, "FNAME": null, "MNAME": null, "LNAME": null, "STATUS": null, "DEPARTMENT": null, "X": "7", "Y": "AF", "CONCAT": null, "INFORMATION": null, "svcdatefromTXT": null, "svcdatetoTXT": null, "PLACEMENT": null, "BrickSize": "Full", "Coordinate": "AF,7", "Shape_Length": 1.8413344876786764, "Shape_Area": 0.17647780435228777}}, {"type": "Feature", "id": 365, "geometry": {"type": "Polygon", "coordinates": [[[-83.86808011899271, 34.23442306217102], [-83.86807876164642, 34.23442441755058], [-83.86807936205706, 34.23442499963168], [-83.86808072049203, 34.23442364335319], [-83.86808011899271, 34.23442306217102]]]}, "properties": {"OBJECTID": 365, "FNAME": null, "MNAME": null, "LNAME": null, "STATUS": null, "DEPARTMENT": null, "X": "8", "Y": "AF", "CONCAT": null, "INFORMATION": null, "svcdatefromTXT": null, "svcdatetoTXT": null, "PLACEMENT": null, "BrickSize": "Full", "Coordinate": "AF,8", "Shape_Length": 1.8413345962047867, "Shape_Area": 0.17647780435228777}}, {"type": "Feature", "id": 366, "geometry": {"type": "Polygon", "coordinates": [[[-83.86807865162126, 34.23442452727572], [-83.86807729427493, 34.23442588265527], [-83.86807789468554, 34.23442646473637], [-83.86807925312058, 34.2344251084579], [-83.86807865162126, 34.23442452727572]]]}, "properties": {"OBJECTID": 366, "FNAME": null, "MNAME": null, "LNAME": null, "STATUS": null, "DEPARTMENT": null, "X": "9", "Y": "AF", "CONCAT": null, "INFORMATION": null, "svcdatefromTXT": null, "svcdatetoTXT": null, "PLACEMENT": null, "BrickSize": "Full", "Coordinate": "AF,9", "Shape_Length": 1.841334596146825, "Shape_Area": 0.17647780382429493}}, {"type": "Feature", "id": 367, "geometry": {"type": "Polygon", "coordinates": [[[-83.86807718424976, 34.2344259923804], [-83.86807582799524, 34.2344273459594], [-83.86807642949138, 34.234427928043154], [-83.86807778574907, 34.234426573562565], [-83.86807718424976, 34.2344259923804]]]}, "properties": {"OBJECTID": 367, "FNAME": null, "MNAME": null, "LNAME": null, "STATUS": null, "DEPARTMENT": null, "X": "10", "Y": "AF", "CONCAT": null, "INFORMATION": null, "svcdatefromTXT": null, "svcdatetoTXT": null, "PLACEMENT": null, "BrickSize": "Full", "Coordinate": "AF,10", "Shape_Length": 1.8399103193368296, "Shape_Area": 0.1763353408476801}}, {"type": "Feature", "id": 368, "geometry": {"type": "Polygon", "coordinates": [[[-83.86807571905558, 34.23442745568718], [-83.86807504038715, 34.234428132024576], [-83.86807564188328, 34.23442871410833], [-83.8680763205549, 34.23442803686937], [-83.86807571905558, 34.23442745568718]]]}, "properties": {"OBJECTID": 368, "FNAME": null, "MNAME": null, "LNAME": null, "STATUS": null, "DEPARTMENT": null, "X": "11", "Y": "AF", "CONCAT": null, "INFORMATION": null, "svcdatefromTXT": null, "svcdatetoTXT": null, "PLACEMENT": null, "BrickSize": "Half", "Coordinate": "AF,11", "Shape_Length": 1.1990493162076281, "Shape_Area": 0.08818734193831387}}, {"type": "Feature", "id": 369, "geometry": {"type": "Polygon", "coordinates": [[[-83.86809181606188, 34.23441275581362], [-83.86809045871277, 34.23441411209489], [-83.86809106129124, 34.23441469508279], [-83.86809241863718, 34.23441333970312], [-83.86809181606188, 34.23441275581362]]]}, "properties": {"OBJECTID": 369, "FNAME": null, "MNAME": null, "LNAME": null, "STATUS": null, "DEPARTMENT": null, "X": "0", "Y": "AG", "CONCAT": null, "INFORMATION": null, "svcdatefromTXT": null, "svcdatetoTXT": null, "PLACEMENT": null, "BrickSize": "Full", "Coordinate": "AG,0", "Shape_Length": 1.8427619818004763, "Shape_Area": 0.17695480489739132}}, {"type": "Feature", "id": 370, "geometry": {"type": "Polygon", "coordinates": [[[-83.86809034869081, 34.234414220918474], [-83.86808899243353, 34.23441557539921], [-83.868089595012, 34.23441615838713], [-83.86809095126611, 34.23441480480795], [-83.86809034869081, 34.234414220918474]]]}, "properties": {"OBJECTID": 370, "FNAME": null, "MNAME": null, "LNAME": null, "STATUS": null, "DEPARTMENT": null, "X": "1", "Y": "AG", "CONCAT": null, "INFORMATION": null, "svcdatefromTXT": null, "svcdatetoTXT": null, "PLACEMENT": null, "BrickSize": "Full", "Coordinate": "AG,1", "Shape_Length": 1.8413324562299687, "Shape_Area": 0.1767654142373915}}, {"type": "Feature", "id": 371, "geometry": {"type": "Polygon", "coordinates": [[[-83.8680888834939, 34.234415685127], [-83.86808752506235, 34.23441704050402], [-83.86808812764082, 34.23441762349193], [-83.86808948607238, 34.23441626811491], [-83.8680888834939, 34.234415685127]]]}, "properties": {"OBJECTID": 371, "FNAME": null, "MNAME": null, "LNAME": null, "STATUS": null, "DEPARTMENT": null, "X": "2", "Y": "AG", "CONCAT": null, "INFORMATION": null, "svcdatefromTXT": null, "svcdatetoTXT": null, "PLACEMENT": null, "BrickSize": "Full", "Coordinate": "AG,2", "Shape_Length": 1.842678921903869, "Shape_Area": 0.17692719448396105}}, {"type": "Feature", "id": 372, "geometry": {"type": "Polygon", "coordinates": [[[-83.8680874161227, 34.234417150231806], [-83.86808605769113, 34.23441850560879], [-83.8680866602696, 34.23441908859671], [-83.86808801870119, 34.234417733219736], [-83.8680874161227, 34.234417150231806]]]}, "properties": {"OBJECTID": 372, "FNAME": null, "MNAME": null, "LNAME": null, "STATUS": null, "DEPARTMENT": null, "X": "3", "Y": "AG", "CONCAT": null, "INFORMATION": null, "svcdatefromTXT": null, "svcdatetoTXT": null, "PLACEMENT": null, "BrickSize": "Full", "Coordinate": "AG,3", "Shape_Length": 1.8426789170527687, "Shape_Area": 0.1769271945389603}}, {"type": "Feature", "id": 373, "geometry": {"type": "Polygon", "coordinates": [[[-83.86808594984336, 34.23441861353607], [-83.86808459249724, 34.2344199689157], [-83.86808519507572, 34.234420551903646], [-83.86808655242184, 34.234419196524016], [-83.86808594984336, 34.23441861353607]]]}, "properties": {"OBJECTID": 373, "FNAME": null, "MNAME": null, "LNAME": null, "STATUS": null, "DEPARTMENT": null, "X": "4", "Y": "AG", "CONCAT": null, "INFORMATION": null, "svcdatefromTXT": null, "svcdatetoTXT": null, "PLACEMENT": null, "BrickSize": "Full", "Coordinate": "AG,4", "Shape_Length": 1.842260712719702, "Shape_Area": 0.17685776911240464}}, {"type": "Feature", "id": 374, "geometry": {"type": "Polygon", "coordinates": [[[-83.8680844824721, 34.234420078640845], [-83.8680831262178, 34.23442143221995], [-83.86808372879311, 34.23442201610946], [-83.86808508505058, 34.23442066162878], [-83.8680844824721, 34.234420078640845]]]}, "properties": {"OBJECTID": 374, "FNAME": null, "MNAME": null, "LNAME": null, "STATUS": null, "DEPARTMENT": null, "X": "5", "Y": "AG", "CONCAT": null, "INFORMATION": null, "svcdatefromTXT": null, "svcdatetoTXT": null, "PLACEMENT": null, "BrickSize": "Full", "Coordinate": "AG,5", "Shape_Length": 1.8413324562299687, "Shape_Area": 0.1767654142373915}}, {"type": "Feature", "id": 375, "geometry": {"type": "Polygon", "coordinates": [[[-83.86808301727817, 34.23442154194774], [-83.86808165884642, 34.23442289732467], [-83.86808226142172, 34.2344234812142], [-83.86808361985663, 34.23442212493567], [-83.86808301727817, 34.23442154194774]]]}, "properties": {"OBJECTID": 375, "FNAME": null, "MNAME": null, "LNAME": null, "STATUS": null, "DEPARTMENT": null, "X": "6", "Y": "AG", "CONCAT": null, "INFORMATION": null, "svcdatefromTXT": null, "svcdatetoTXT": null, "PLACEMENT": null, "BrickSize": "Full", "Coordinate": "AG,6", "Shape_Length": 1.8431801153512488, "Shape_Area": 0.17702428466186665}}, {"type": "Feature", "id": 376, "geometry": {"type": "Polygon", "coordinates": [[[-83.86808154990678, 34.23442300705245], [-83.8680801936524, 34.23442436063153], [-83.8680807962277, 34.23442494452105], [-83.86808215248526, 34.23442359004041], [-83.86808154990678, 34.23442300705245]]]}, "properties": {"OBJECTID": 376, "FNAME": null, "MNAME": null, "LNAME": null, "STATUS": null, "DEPARTMENT": null, "X": "7", "Y": "AG", "CONCAT": null, "INFORMATION": null, "svcdatefromTXT": null, "svcdatetoTXT": null, "PLACEMENT": null, "BrickSize": "Full", "Coordinate": "AG,7", "Shape_Length": 1.8413324562299687, "Shape_Area": 0.1767654142373915}}, {"type": "Feature", "id": 377, "geometry": {"type": "Polygon", "coordinates": [[[-83.86808008362723, 34.234424470356664], [-83.8680787262809, 34.23442582573623], [-83.86807932885621, 34.23442640962576], [-83.8680806862057, 34.23442505334463], [-83.86808008362723, 34.234424470356664]]]}, "properties": {"OBJECTID": 377, "FNAME": null, "MNAME": null, "LNAME": null, "STATUS": null, "DEPARTMENT": null, "X": "8", "Y": "AG", "CONCAT": null, "INFORMATION": null, "svcdatefromTXT": null, "svcdatetoTXT": null, "PLACEMENT": null, "BrickSize": "Full", "Coordinate": "AG,8", "Shape_Length": 1.8427619866465204, "Shape_Area": 0.17695480484422538}}, {"type": "Feature", "id": 378, "geometry": {"type": "Polygon", "coordinates": [[[-83.86807861625574, 34.23442593546137], [-83.86807726000127, 34.2344272890404], [-83.86807786257656, 34.23442787292993], [-83.86807921883423, 34.23442651844931], [-83.86807861625574, 34.23442593546137]]]}, "properties": {"OBJECTID": 378, "FNAME": null, "MNAME": null, "LNAME": null, "STATUS": null, "DEPARTMENT": null, "X": "9", "Y": "AG", "CONCAT": null, "INFORMATION": null, "svcdatefromTXT": null, "svcdatetoTXT": null, "PLACEMENT": null, "BrickSize": "Full", "Coordinate": "AG,9", "Shape_Length": 1.8413324448501474, "Shape_Area": 0.17676541203497692}}, {"type": "Feature", "id": 379, "geometry": {"type": "Polygon", "coordinates": [[[-83.86807715106161, 34.23442739876816], [-83.8680757926297, 34.23442875414505], [-83.86807639520498, 34.23442933803459], [-83.86807775364008, 34.23442798175614], [-83.86807715106161, 34.23442739876816]]]}, "properties": {"OBJECTID": 379, "FNAME": null, "MNAME": null, "LNAME": null, "STATUS": null, "DEPARTMENT": null, "X": "10", "Y": "AG", "CONCAT": null, "INFORMATION": null, "svcdatefromTXT": null, "svcdatetoTXT": null, "PLACEMENT": null, "BrickSize": "Full", "Coordinate": "AG,10", "Shape_Length": 1.8431801153459721, "Shape_Area": 0.17702428466186665}}, {"type": "Feature", "id": 380, "geometry": {"type": "Polygon", "coordinates": [[[-83.86809251600243, 34.234413433704766], [-83.86809183841977, 34.234414110044895], [-83.8680924388304, 34.23441469212593], [-83.86809311750179, 34.234414014886866], [-83.86809251600243, 34.234413433704766]]]}, "properties": {"OBJECTID": 380, "FNAME": null, "MNAME": null, "LNAME": null, "STATUS": null, "DEPARTMENT": null, "X": "0", "Y": "AH", "CONCAT": null, "INFORMATION": null, "svcdatefromTXT": null, "svcdatetoTXT": null, "PLACEMENT": null, "BrickSize": "Half", "Coordinate": "AH,0", "Shape_Length": 1.1986258246318937, "Shape_Area": 0.08811221116720294}}, {"type": "Feature", "id": 381, "geometry": {"type": "Polygon", "coordinates": [[[-83.86809178286127, 34.23441416580771], [-83.8680904244266, 34.23441552208632], [-83.86809102592595, 34.23441610326845], [-83.8680923832719, 34.23441474788875], [-83.86809178286127, 34.23441416580771]]]}, "properties": {"OBJECTID": 381, "FNAME": null, "MNAME": null, "LNAME": null, "STATUS": null, "DEPARTMENT": null, "X": "1", "Y": "AH", "CONCAT": null, "INFORMATION": null, "svcdatefromTXT": null, "svcdatetoTXT": null, "PLACEMENT": null, "BrickSize": "Full", "Coordinate": "AH,1", "Shape_Length": 1.841334596146825, "Shape_Area": 0.17647780382429493}}, {"type": "Feature", "id": 382, "geometry": {"type": "Polygon", "coordinates": [[[-83.86809031658204, 34.23441562911206], [-83.86808895923285, 34.234416985393295], [-83.86808955964668, 34.234417566572766], [-83.8680909180782, 34.23441621119575], [-83.86809031658204, 34.23441562911206]]]}, "properties": {"OBJECTID": 382, "FNAME": null, "MNAME": null, "LNAME": null, "STATUS": null, "DEPARTMENT": null, "X": "2", "Y": "AH", "CONCAT": null, "INFORMATION": null, "svcdatefromTXT": null, "svcdatetoTXT": null, "PLACEMENT": null, "BrickSize": "Full", "Coordinate": "AH,2", "Shape_Length": 1.8413344762338888, "Shape_Area": 0.17647780162188034}}, {"type": "Feature", "id": 383, "geometry": {"type": "Polygon", "coordinates": [[[-83.86808884921088, 34.234417094216866], [-83.86808749295352, 34.234418448697575], [-83.86808809444969, 34.23441903078129], [-83.86808945070705, 34.23441767630055], [-83.86808884921088, 34.234417094216866]]]}, "properties": {"OBJECTID": 383, "FNAME": null, "MNAME": null, "LNAME": null, "STATUS": null, "DEPARTMENT": null, "X": "3", "Y": "AH", "CONCAT": null, "INFORMATION": null, "svcdatefromTXT": null, "svcdatetoTXT": null, "PLACEMENT": null, "BrickSize": "Full", "Coordinate": "AH,3", "Shape_Length": 1.8404114123582702, "Shape_Area": 0.17643227219482557}}, {"type": "Feature", "id": 384, "geometry": {"type": "Polygon", "coordinates": [[[-83.86808738401707, 34.23441855752381], [-83.86808602558229, 34.23441991380238], [-83.86808662707844, 34.23442049588608], [-83.86808798442772, 34.23441913960486], [-83.86808738401707, 34.23441855752381]]]}, "properties": {"OBJECTID": 384, "FNAME": null, "MNAME": null, "LNAME": null, "STATUS": null, "DEPARTMENT": null, "X": "4", "Y": "AH", "CONCAT": null, "INFORMATION": null, "svcdatefromTXT": null, "svcdatetoTXT": null, "PLACEMENT": null, "BrickSize": "Full", "Coordinate": "AH,4", "Shape_Length": 1.841835726843049, "Shape_Area": 0.1765747854766925}}, {"type": "Feature", "id": 385, "geometry": {"type": "Polygon", "coordinates": [[[-83.86808591664582, 34.2344200226286], [-83.86808456038837, 34.23442137710929], [-83.86808516079903, 34.23442195919036], [-83.86808651705648, 34.23442060470966], [-83.86808591664582, 34.2344200226286]]]}, "properties": {"OBJECTID": 385, "FNAME": null, "MNAME": null, "LNAME": null, "STATUS": null, "DEPARTMENT": null, "X": "5", "Y": "AH", "CONCAT": null, "INFORMATION": null, "svcdatefromTXT": null, "svcdatetoTXT": null, "PLACEMENT": null, "BrickSize": "Full", "Coordinate": "AH,5", "Shape_Length": 1.8399828311801194, "Shape_Area": 0.17627016871897794}}, {"type": "Feature", "id": 386, "geometry": {"type": "Polygon", "coordinates": [[[-83.86808444927452, 34.23442148773335], [-83.86808309301703, 34.23442284221403], [-83.86808369342766, 34.234423424295095], [-83.86808504968516, 34.23442206981443], [-83.86808444927452, 34.23442148773335]]]}, "properties": {"OBJECTID": 386, "FNAME": null, "MNAME": null, "LNAME": null, "STATUS": null, "DEPARTMENT": null, "X": "6", "Y": "AH", "CONCAT": null, "INFORMATION": null, "svcdatefromTXT": null, "svcdatetoTXT": null, "PLACEMENT": null, "BrickSize": "Full", "Coordinate": "AH,6", "Shape_Length": 1.839982826316207, "Shape_Area": 0.17627016687833622}}, {"type": "Feature", "id": 387, "geometry": {"type": "Polygon", "coordinates": [[[-83.86808298299505, 34.2344229510376], [-83.8680816245601, 34.23442430731612], [-83.86808222605627, 34.23442488939983], [-83.86808358449122, 34.23442353312132], [-83.86808298299505, 34.2344229510376]]]}, "properties": {"OBJECTID": 387, "FNAME": null, "MNAME": null, "LNAME": null, "STATUS": null, "DEPARTMENT": null, "X": "7", "Y": "AH", "CONCAT": null, "INFORMATION": null, "svcdatefromTXT": null, "svcdatetoTXT": null, "PLACEMENT": null, "BrickSize": "Full", "Coordinate": "AH,7", "Shape_Length": 1.8422590429110248, "Shape_Area": 0.17669060389915212}}, {"type": "Feature", "id": 388, "geometry": {"type": "Polygon", "coordinates": [[[-83.86808151780104, 34.23442441434446], [-83.86808015936604, 34.23442577062297], [-83.86808076086221, 34.234426352706706], [-83.86808211821167, 34.23442499642556], [-83.86808151780104, 34.23442441434446]]]}, "properties": {"OBJECTID": 388, "FNAME": null, "MNAME": null, "LNAME": null, "STATUS": null, "DEPARTMENT": null, "X": "8", "Y": "AH", "CONCAT": null, "INFORMATION": null, "svcdatefromTXT": null, "svcdatetoTXT": null, "PLACEMENT": null, "BrickSize": "Full", "Coordinate": "AH,8", "Shape_Length": 1.8418357381707333, "Shape_Area": 0.17657478715111427}}, {"type": "Feature", "id": 389, "geometry": {"type": "Polygon", "coordinates": [[[-83.86808005042958, 34.23442587944917], [-83.86807869199455, 34.234427235727644], [-83.86807929349071, 34.23442781781139], [-83.86808065084023, 34.23442646153026], [-83.86808005042958, 34.23442587944917]]]}, "properties": {"OBJECTID": 389, "FNAME": null, "MNAME": null, "LNAME": null, "STATUS": null, "DEPARTMENT": null, "X": "9", "Y": "AH", "CONCAT": null, "INFORMATION": null, "svcdatefromTXT": null, "svcdatetoTXT": null, "PLACEMENT": null, "BrickSize": "Full", "Coordinate": "AH,9", "Shape_Length": 1.841835726843049, "Shape_Area": 0.1765747854766925}}, {"type": "Feature", "id": 390, "geometry": {"type": "Polygon", "coordinates": [[[-83.86807858305808, 34.23442734455386], [-83.8680772268004, 34.23442869903447], [-83.86807782721104, 34.234429281115574], [-83.86807918346874, 34.234427926634964], [-83.86807858305808, 34.23442734455386]]]}, "properties": {"OBJECTID": 390, "FNAME": null, "MNAME": null, "LNAME": null, "STATUS": null, "DEPARTMENT": null, "X": "10", "Y": "AH", "CONCAT": null, "INFORMATION": null, "svcdatefromTXT": null, "svcdatetoTXT": null, "PLACEMENT": null, "BrickSize": "Full", "Coordinate": "AH,10", "Shape_Length": 1.8399828311801194, "Shape_Area": 0.17627016871897794}}, {"type": "Feature", "id": 391, "geometry": {"type": "Polygon", "coordinates": [[[-83.86807711677521, 34.234428808759596], [-83.8680764391923, 34.23442948509965], [-83.86807703960295, 34.23443006718076], [-83.86807771827456, 34.23442938994178], [-83.86807711677521, 34.234428808759596]]]}, "properties": {"OBJECTID": 391, "FNAME": null, "MNAME": null, "LNAME": null, "STATUS": null, "DEPARTMENT": null, "X": "11", "Y": "AH", "CONCAT": null, "INFORMATION": null, "svcdatefromTXT": null, "svcdatetoTXT": null, "PLACEMENT": null, "BrickSize": "Half", "Coordinate": "AH,11", "Shape_Length": 1.198625824689115, "Shape_Area": 0.08811221123381315}}, {"type": "Feature", "id": 392, "geometry": {"type": "Polygon", "coordinates": [[[-83.86809321486703, 34.23441410888852], [-83.8680918564324, 34.234415465167146], [-83.86809245793175, 34.23441604634927], [-83.86809381527769, 34.234414690969544], [-83.86809321486703, 34.23441410888852]]]}, "properties": {"OBJECTID": 392, "FNAME": null, "MNAME": null, "LNAME": null, "STATUS": null, "DEPARTMENT": null, "X": "0", "Y": "AI", "CONCAT": null, "INFORMATION": null, "svcdatefromTXT": null, "svcdatetoTXT": null, "PLACEMENT": null, "BrickSize": "Full", "Coordinate": "AI,0", "Shape_Length": 1.841334596204787, "Shape_Area": 0.17647780435228777}}, {"type": "Feature", "id": 393, "geometry": {"type": "Polygon", "coordinates": [[[-83.86809174641046, 34.23441557399073], [-83.86809039123868, 34.234416928474126], [-83.86809099164934, 34.23441751055517], [-83.86809234790663, 34.23441615607441], [-83.86809174641046, 34.23441557399073]]]}, "properties": {"OBJECTID": 393, "FNAME": null, "MNAME": null, "LNAME": null, "STATUS": null, "DEPARTMENT": null, "X": "1", "Y": "AI", "CONCAT": null, "INFORMATION": null, "svcdatefromTXT": null, "svcdatetoTXT": null, "PLACEMENT": null, "BrickSize": "Full", "Coordinate": "AI,1", "Shape_Length": 1.8399881308322912, "Shape_Area": 0.17631656088255984}}, {"type": "Feature", "id": 394, "geometry": {"type": "Polygon", "coordinates": [[[-83.86809028121672, 34.234417037297696], [-83.868088922782, 34.23441839357629], [-83.86808952427816, 34.23441897565997], [-83.86809088271289, 34.23441761938138], [-83.86809028121672, 34.234417037297696]]]}, "properties": {"OBJECTID": 394, "FNAME": null, "MNAME": null, "LNAME": null, "STATUS": null, "DEPARTMENT": null, "X": "2", "Y": "AI", "CONCAT": null, "INFORMATION": null, "svcdatefromTXT": null, "svcdatetoTXT": null, "PLACEMENT": null, "BrickSize": "Full", "Coordinate": "AI,2", "Shape_Length": 1.8422590429110246, "Shape_Area": 0.17669060389915212}}, {"type": "Feature", "id": 395, "geometry": {"type": "Polygon", "coordinates": [[[-83.86808881384556, 34.23441850240252], [-83.86808745541077, 34.23441985868109], [-83.86808805690694, 34.234420440764794], [-83.86808941534173, 34.234419084486206], [-83.86808881384556, 34.23441850240252]]]}, "properties": {"OBJECTID": 395, "FNAME": null, "MNAME": null, "LNAME": null, "STATUS": null, "DEPARTMENT": null, "X": "3", "Y": "AI", "CONCAT": null, "INFORMATION": null, "svcdatefromTXT": null, "svcdatetoTXT": null, "PLACEMENT": null, "BrickSize": "Full", "Coordinate": "AI,3", "Shape_Length": 1.842259047719487, "Shape_Area": 0.1766906052142454}}, {"type": "Feature", "id": 396, "geometry": {"type": "Polygon", "coordinates": [[[-83.86808734865173, 34.23441996570945], [-83.8680859902169, 34.23442132198802], [-83.86808659171307, 34.23442190407172], [-83.86808794906237, 34.23442054779051], [-83.86808734865173, 34.23441996570945]]]}, "properties": {"OBJECTID": 396, "FNAME": null, "MNAME": null, "LNAME": null, "STATUS": null, "DEPARTMENT": null, "X": "4", "Y": "AI", "CONCAT": null, "INFORMATION": null, "svcdatefromTXT": null, "svcdatetoTXT": null, "PLACEMENT": null, "BrickSize": "Full", "Coordinate": "AI,4", "Shape_Length": 1.8418357381707333, "Shape_Area": 0.17657478715111427}}, {"type": "Feature", "id": 397, "geometry": {"type": "Polygon", "coordinates": [[[-83.86808588128044, 34.23442143081422], [-83.86808452502297, 34.23442278529492], [-83.86808512543362, 34.23442336737599], [-83.8680864816911, 34.234422012895294], [-83.86808588128044, 34.23442143081422]]]}, "properties": {"OBJECTID": 397, "FNAME": null, "MNAME": null, "LNAME": null, "STATUS": null, "DEPARTMENT": null, "X": "5", "Y": "AI", "CONCAT": null, "INFORMATION": null, "svcdatefromTXT": null, "svcdatetoTXT": null, "PLACEMENT": null, "BrickSize": "Full", "Coordinate": "AI,5", "Shape_Length": 1.839982826316207, "Shape_Area": 0.17627016687833622}}, {"type": "Feature", "id": 398, "geometry": {"type": "Polygon", "coordinates": [[[-83.86808441500098, 34.2344228941185], [-83.86808305656608, 34.23442425039703], [-83.86808365806225, 34.23442483248075], [-83.86808501649715, 34.2344234762022], [-83.86808441500098, 34.2344228941185]]]}, "properties": {"OBJECTID": 398, "FNAME": null, "MNAME": null, "LNAME": null, "STATUS": null, "DEPARTMENT": null, "X": "6", "Y": "AI", "CONCAT": null, "INFORMATION": null, "svcdatefromTXT": null, "svcdatetoTXT": null, "PLACEMENT": null, "BrickSize": "Full", "Coordinate": "AI,6", "Shape_Length": 1.8422590429714978, "Shape_Area": 0.17669060442714496}}, {"type": "Feature", "id": 399, "geometry": {"type": "Polygon", "coordinates": [[[-83.86808294762962, 34.23442435922324], [-83.86808159137205, 34.23442571370388], [-83.86808219286821, 34.23442629578763], [-83.86808354912579, 34.23442494130697], [-83.86808294762962, 34.23442435922324]]]}, "properties": {"OBJECTID": 399, "FNAME": null, "MNAME": null, "LNAME": null, "STATUS": null, "DEPARTMENT": null, "X": "7", "Y": "AI", "CONCAT": null, "INFORMATION": null, "svcdatefromTXT": null, "svcdatetoTXT": null, "PLACEMENT": null, "BrickSize": "Full", "Coordinate": "AI,7", "Shape_Length": 1.840411423637387, "Shape_Area": 0.17643227523811766}}, {"type": "Feature", "id": 400, "geometry": {"type": "Polygon", "coordinates": [[[-83.86808148243557, 34.2344258225301], [-83.86808012400057, 34.234427178808595], [-83.86808072549674, 34.23442776089233], [-83.86808208284623, 34.23442640461119], [-83.86808148243557, 34.2344258225301]]]}, "properties": {"OBJECTID": 400, "FNAME": null, "MNAME": null, "LNAME": null, "STATUS": null, "DEPARTMENT": null, "X": "8", "Y": "AI", "CONCAT": null, "INFORMATION": null, "svcdatefromTXT": null, "svcdatetoTXT": null, "PLACEMENT": null, "BrickSize": "Full", "Coordinate": "AI,8", "Shape_Length": 1.841835726843049, "Shape_Area": 0.1765747854766925}}, {"type": "Feature", "id": 401, "geometry": {"type": "Polygon", "coordinates": [[[-83.86808001506093, 34.23442728853639], [-83.86807865880644, 34.23442864211543], [-83.86807925921708, 34.23442922419653], [-83.86808061547475, 34.23442786971591], [-83.86808001506093, 34.23442728853639]]]}, "properties": {"OBJECTID": 401, "FNAME": null, "MNAME": null, "LNAME": null, "STATUS": null, "DEPARTMENT": null, "X": "9", "Y": "AI", "CONCAT": null, "INFORMATION": null, "svcdatefromTXT": null, "svcdatetoTXT": null, "PLACEMENT": null, "BrickSize": "Full", "Coordinate": "AI,9", "Shape_Length": 1.8394815586440658, "Shape_Area": 0.17617329339150709}}, {"type": "Feature", "id": 402, "geometry": {"type": "Polygon", "coordinates": [[[-83.86807854878127, 34.234428751840575], [-83.86807719143485, 34.23443010722009], [-83.86807779184551, 34.23443068930123], [-83.86807915028062, 34.23442933302273], [-83.86807854878127, 34.234428751840575]]]}, "properties": {"OBJECTID": 402, "FNAME": null, "MNAME": null, "LNAME": null, "STATUS": null, "DEPARTMENT": null, "X": "10", "Y": "AI", "CONCAT": null, "INFORMATION": null, "svcdatefromTXT": null, "svcdatetoTXT": null, "PLACEMENT": null, "BrickSize": "Full", "Coordinate": "AI,10", "Shape_Length": 1.8413345961545793, "Shape_Area": 0.17647780382429493}}, {"type": "Feature", "id": 403, "geometry": {"type": "Polygon", "coordinates": [[[-83.86809391264296, 34.23441478497118], [-83.8680932350571, 34.2344154622129], [-83.86809383547096, 34.23441604339235], [-83.86809451414231, 34.23441536615329], [-83.86809391264296, 34.23441478497118]]]}, "properties": {"OBJECTID": 403, "FNAME": null, "MNAME": null, "LNAME": null, "STATUS": null, "DEPARTMENT": null, "X": "0", "Y": "AJ", "CONCAT": null, "INFORMATION": null, "svcdatefromTXT": null, "svcdatetoTXT": null, "PLACEMENT": null, "BrickSize": "Half", "Coordinate": "AJ,0", "Shape_Length": 1.1986302592490734, "Shape_Area": 0.08810860530567012}}, {"type": "Feature", "id": 404, "geometry": {"type": "Polygon", "coordinates": [[[-83.86809317841627, 34.23441551707151], [-83.86809182106714, 34.2344168733528], [-83.86809242256331, 34.23441745543648], [-83.86809377991244, 34.234416099155204], [-83.86809317841627, 34.23441551707151]]]}, "properties": {"OBJECTID": 404, "FNAME": null, "MNAME": null, "LNAME": null, "STATUS": null, "DEPARTMENT": null, "X": "1", "Y": "AJ", "CONCAT": null, "INFORMATION": null, "svcdatefromTXT": null, "svcdatetoTXT": null, "PLACEMENT": null, "BrickSize": "Full", "Coordinate": "AJ,1", "Shape_Length": 1.8418409984069988, "Shape_Area": 0.17662128563778956}}, {"type": "Feature", "id": 405, "geometry": {"type": "Polygon", "coordinates": [[[-83.86809171322257, 34.234416980378505], [-83.86809035478785, 34.234418336657114], [-83.86809095628404, 34.23441891874081], [-83.86809231471875, 34.23441756246219], [-83.86809171322257, 34.234416980378505]]]}, "properties": {"OBJECTID": 405, "FNAME": null, "MNAME": null, "LNAME": null, "STATUS": null, "DEPARTMENT": null, "X": "2", "Y": "AJ", "CONCAT": null, "INFORMATION": null, "svcdatefromTXT": null, "svcdatetoTXT": null, "PLACEMENT": null, "BrickSize": "Full", "Coordinate": "AJ,2", "Shape_Length": 1.842259047719487, "Shape_Area": 0.1766906052142454}}, {"type": "Feature", "id": 406, "geometry": {"type": "Polygon", "coordinates": [[[-83.8680902458514, 34.23441844548335], [-83.86808888959406, 34.234419799964094], [-83.86808949109023, 34.23442038204777], [-83.86809084734759, 34.23441902756704], [-83.8680902458514, 34.23441844548335]]]}, "properties": {"OBJECTID": 406, "FNAME": null, "MNAME": null, "LNAME": null, "STATUS": null, "DEPARTMENT": null, "X": "3", "Y": "AJ", "CONCAT": null, "INFORMATION": null, "svcdatefromTXT": null, "svcdatetoTXT": null, "PLACEMENT": null, "BrickSize": "Full", "Coordinate": "AJ,3", "Shape_Length": 1.8404114075501998, "Shape_Area": 0.1764322708809545}}, {"type": "Feature", "id": 407, "geometry": {"type": "Polygon", "coordinates": [[[-83.86808878065762, 34.234419908790294], [-83.8680874222228, 34.234421265068875], [-83.86808802371898, 34.23442184715259], [-83.86808938106826, 34.23442049087134], [-83.86808878065762, 34.234419908790294]]]}, "properties": {"OBJECTID": 407, "FNAME": null, "MNAME": null, "LNAME": null, "STATUS": null, "DEPARTMENT": null, "X": "4", "Y": "AJ", "CONCAT": null, "INFORMATION": null, "svcdatefromTXT": null, "svcdatetoTXT": null, "PLACEMENT": null, "BrickSize": "Full", "Coordinate": "AJ,4", "Shape_Length": 1.8418357381682706, "Shape_Area": 0.17657478715111427}}, {"type": "Feature", "id": 408, "geometry": {"type": "Polygon", "coordinates": [[[-83.86808731328635, 34.234421373895096], [-83.8680859570289, 34.2344227283758], [-83.86808655743955, 34.23442331045687], [-83.86808791369702, 34.23442195597615], [-83.86808731328635, 34.234421373895096]]]}, "properties": {"OBJECTID": 408, "FNAME": null, "MNAME": null, "LNAME": null, "STATUS": null, "DEPARTMENT": null, "X": "5", "Y": "AJ", "CONCAT": null, "INFORMATION": null, "svcdatefromTXT": null, "svcdatetoTXT": null, "PLACEMENT": null, "BrickSize": "Full", "Coordinate": "AJ,5", "Shape_Length": 1.8399828311801194, "Shape_Area": 0.17627016871897794}}, {"type": "Feature", "id": 409, "geometry": {"type": "Polygon", "coordinates": [[[-83.86808584482954, 34.23442283899725], [-83.86808448857205, 34.234424193477935], [-83.86808509006822, 34.23442477556164], [-83.86808644632572, 34.23442342108094], [-83.86808584482954, 34.23442283899725]]]}, "properties": {"OBJECTID": 409, "FNAME": null, "MNAME": null, "LNAME": null, "STATUS": null, "DEPARTMENT": null, "X": "6", "Y": "AJ", "CONCAT": null, "INFORMATION": null, "svcdatefromTXT": null, "svcdatetoTXT": null, "PLACEMENT": null, "BrickSize": "Full", "Coordinate": "AJ,6", "Shape_Length": 1.8404114123582702, "Shape_Area": 0.17643227219482557}}, {"type": "Feature", "id": 410, "geometry": {"type": "Polygon", "coordinates": [[[-83.86808437963558, 34.23442430230413], [-83.86808302120063, 34.23442565858265], [-83.86808362269682, 34.234426240666394], [-83.86808498113176, 34.23442488438784], [-83.86808437963558, 34.23442430230413]]]}, "properties": {"OBJECTID": 410, "FNAME": null, "MNAME": null, "LNAME": null, "STATUS": null, "DEPARTMENT": null, "X": "7", "Y": "AJ", "CONCAT": null, "INFORMATION": null, "svcdatefromTXT": null, "svcdatetoTXT": null, "PLACEMENT": null, "BrickSize": "Full", "Coordinate": "AJ,7", "Shape_Length": 1.8422590591008001, "Shape_Area": 0.1766906074178822}}, {"type": "Feature", "id": 411, "geometry": {"type": "Polygon", "coordinates": [[[-83.86808291443839, 34.23442576651258], [-83.86808155600659, 34.23442712188953], [-83.86808215750276, 34.23442770397326], [-83.86808351485223, 34.2344263476921], [-83.86808291443839, 34.23442576651258]]]}, "properties": {"OBJECTID": 411, "FNAME": null, "MNAME": null, "LNAME": null, "STATUS": null, "DEPARTMENT": null, "X": "8", "Y": "AJ", "CONCAT": null, "INFORMATION": null, "svcdatefromTXT": null, "svcdatetoTXT": null, "PLACEMENT": null, "BrickSize": "Full", "Coordinate": "AJ,8", "Shape_Length": 1.8413344828072598, "Shape_Area": 0.17647780250981274}}, {"type": "Feature", "id": 412, "geometry": {"type": "Polygon", "coordinates": [[[-83.86808144706693, 34.23442723161732], [-83.86808008863508, 34.23442858699425], [-83.86808069013126, 34.23442916907798], [-83.86808204748077, 34.234427812796845], [-83.86808144706693, 34.23442723161732]]]}, "properties": {"OBJECTID": 412, "FNAME": null, "MNAME": null, "LNAME": null, "STATUS": null, "DEPARTMENT": null, "X": "9", "Y": "AJ", "CONCAT": null, "INFORMATION": null, "svcdatefromTXT": null, "svcdatetoTXT": null, "PLACEMENT": null, "BrickSize": "Full", "Coordinate": "AJ,9", "Shape_Length": 1.8413344876166575, "Shape_Area": 0.17647780382429493}}, {"type": "Feature", "id": 413, "geometry": {"type": "Polygon", "coordinates": [[[-83.86807997860991, 34.234428696719384], [-83.86807862344091, 34.23443005030106], [-83.86807922385158, 34.234430632382164], [-83.86808058010926, 34.23442927790154], [-83.86807997860991, 34.234428696719384]]]}, "properties": {"OBJECTID": 413, "FNAME": null, "MNAME": null, "LNAME": null, "STATUS": null, "DEPARTMENT": null, "X": "10", "Y": "AJ", "CONCAT": null, "INFORMATION": null, "svcdatefromTXT": null, "svcdatetoTXT": null, "PLACEMENT": null, "BrickSize": "Full", "Coordinate": "AJ,10", "Shape_Length": 1.839486960198288, "Shape_Area": 0.1762196851951494}}, {"type": "Feature", "id": 414, "geometry": {"type": "Polygon", "coordinates": [[[-83.86807851341574, 34.234430160026214], [-83.86807783583282, 34.23443083636626], [-83.8680784362435, 34.23443141844736], [-83.8680791149151, 34.23443074120839], [-83.86807851341574, 34.234430160026214]]]}, "properties": {"OBJECTID": 414, "FNAME": null, "MNAME": null, "LNAME": null, "STATUS": null, "DEPARTMENT": null, "X": "11", "Y": "AJ", "CONCAT": null, "INFORMATION": null, "svcdatefromTXT": null, "svcdatetoTXT": null, "PLACEMENT": null, "BrickSize": "Half", "Coordinate": "AJ,11", "Shape_Length": 1.198625824689115, "Shape_Area": 0.08811221123381315}}, {"type": "Feature", "id": 415, "geometry": {"type": "Polygon", "coordinates": [[[-83.86809461042208, 34.23441546015229], [-83.86809325307296, 34.234416816433566], [-83.86809385565148, 34.234417399421474], [-83.86809521408293, 34.23441604404441], [-83.86809461042208, 34.23441546015229]]]}, "properties": {"OBJECTID": 415, "FNAME": null, "MNAME": null, "LNAME": null, "STATUS": null, "DEPARTMENT": null, "X": "0", "Y": "AK", "CONCAT": null, "INFORMATION": null, "svcdatefromTXT": null, "svcdatetoTXT": null, "PLACEMENT": null, "BrickSize": "Full", "Coordinate": "AK,0", "Shape_Length": 1.8431854456890873, "Shape_Area": 0.17707067898325263}}, {"type": "Feature", "id": 416, "geometry": {"type": "Polygon", "coordinates": [[[-83.868093143051, 34.234416925257165], [-83.86809178679371, 34.23441827973793], [-83.86809239045775, 34.234418862728475], [-83.86809374671184, 34.23441750914926], [-83.868093143051, 34.234416925257165]]]}, "properties": {"OBJECTID": 416, "FNAME": null, "MNAME": null, "LNAME": null, "STATUS": null, "DEPARTMENT": null, "X": "1", "Y": "AK", "CONCAT": null, "INFORMATION": null, "svcdatefromTXT": null, "svcdatetoTXT": null, "PLACEMENT": null, "BrickSize": "Full", "Coordinate": "AK,1", "Shape_Length": 1.8417613488570057, "Shape_Area": 0.1769274638947569}}, {"type": "Feature", "id": 417, "geometry": {"type": "Polygon", "coordinates": [[[-83.86809167785727, 34.23441838856417], [-83.86809031942255, 34.23441974484278], [-83.86809092308657, 34.23442032783331], [-83.86809228043259, 34.23441897245364], [-83.86809167785727, 34.23441838856417]]]}, "properties": {"OBJECTID": 417, "FNAME": null, "MNAME": null, "LNAME": null, "STATUS": null, "DEPARTMENT": null, "X": "2", "Y": "AK", "CONCAT": null, "INFORMATION": null, "svcdatefromTXT": null, "svcdatetoTXT": null, "PLACEMENT": null, "BrickSize": "Full", "Coordinate": "AK,2", "Shape_Length": 1.843185537515309, "Shape_Area": 0.17707067462058954}}, {"type": "Feature", "id": 418, "geometry": {"type": "Polygon", "coordinates": [[[-83.8680902104861, 34.234419853668996], [-83.86808885205133, 34.234421209947584], [-83.86808945571536, 34.23442179293814], [-83.86809081306143, 34.234420437558484], [-83.8680902104861, 34.234419853668996]]]}, "properties": {"OBJECTID": 418, "FNAME": null, "MNAME": null, "LNAME": null, "STATUS": null, "DEPARTMENT": null, "X": "3", "Y": "AK", "CONCAT": null, "INFORMATION": null, "svcdatefromTXT": null, "svcdatetoTXT": null, "PLACEMENT": null, "BrickSize": "Full", "Coordinate": "AK,3", "Shape_Length": 1.84318554879265, "Shape_Area": 0.17707067766754825}}, {"type": "Feature", "id": 419, "geometry": {"type": "Polygon", "coordinates": [[[-83.86808874529227, 34.234421316975954], [-83.86808738685745, 34.23442267325452], [-83.86808798943596, 34.23442325624245], [-83.8680893478676, 34.23442190086543], [-83.86808874529227, 34.234421316975954]]]}, "properties": {"OBJECTID": 419, "FNAME": null, "MNAME": null, "LNAME": null, "STATUS": null, "DEPARTMENT": null, "X": "4", "Y": "AK", "CONCAT": null, "INFORMATION": null, "svcdatefromTXT": null, "svcdatetoTXT": null, "PLACEMENT": null, "BrickSize": "Full", "Coordinate": "AK,4", "Shape_Length": 1.8431801153459721, "Shape_Area": 0.17702428466186665}}, {"type": "Feature", "id": 420, "geometry": {"type": "Polygon", "coordinates": [[[-83.86808727683547, 34.234422782078106], [-83.868085920578, 34.23442413655881], [-83.86808652424203, 34.23442471954937], [-83.86808788049633, 34.234423365970244], [-83.86808727683547, 34.234422782078106]]]}, "properties": {"OBJECTID": 420, "FNAME": null, "MNAME": null, "LNAME": null, "STATUS": null, "DEPARTMENT": null, "X": "5", "Y": "AK", "CONCAT": null, "INFORMATION": null, "svcdatefromTXT": null, "svcdatetoTXT": null, "PLACEMENT": null, "BrickSize": "Full", "Coordinate": "AK,5", "Shape_Length": 1.8417613375430566, "Shape_Area": 0.17692746221666852}}, {"type": "Feature", "id": 421, "geometry": {"type": "Polygon", "coordinates": [[[-83.86808581163837, 34.23442424628659], [-83.86808445320662, 34.23442560166355], [-83.86808505687065, 34.23442618465414], [-83.86808641421688, 34.23442482927451], [-83.86808581163837, 34.23442424628659]]]}, "properties": {"OBJECTID": 421, "FNAME": null, "MNAME": null, "LNAME": null, "STATUS": null, "DEPARTMENT": null, "X": "6", "Y": "AK", "CONCAT": null, "INFORMATION": null, "svcdatefromTXT": null, "svcdatetoTXT": null, "PLACEMENT": null, "BrickSize": "Full", "Coordinate": "AK,6", "Shape_Length": 1.8426843554487973, "Shape_Area": 0.17697358664754292}}, {"type": "Feature", "id": 422, "geometry": {"type": "Polygon", "coordinates": [[[-83.86808434426698, 34.234425711391346], [-83.86808298801259, 34.23442706497045], [-83.86808359059111, 34.2344276479584], [-83.8680849468455, 34.23442629437928], [-83.86808434426698, 34.234425711391346]]]}, "properties": {"OBJECTID": 422, "FNAME": null, "MNAME": null, "LNAME": null, "STATUS": null, "DEPARTMENT": null, "X": "7", "Y": "AK", "CONCAT": null, "INFORMATION": null, "svcdatefromTXT": null, "svcdatetoTXT": null, "PLACEMENT": null, "BrickSize": "Full", "Coordinate": "AK,7", "Shape_Length": 1.8408312409144045, "Shape_Area": 0.17666843311298677}}, {"type": "Feature", "id": 423, "geometry": {"type": "Polygon", "coordinates": [[[-83.86808287907293, 34.23442717469823], [-83.86808152064113, 34.234428530075185], [-83.86808212321645, 34.234429113964694], [-83.86808348165145, 34.234427757686184], [-83.86808287907293, 34.23442717469823]]]}, "properties": {"OBJECTID": 423, "FNAME": null, "MNAME": null, "LNAME": null, "STATUS": null, "DEPARTMENT": null, "X": "8", "Y": "AK", "CONCAT": null, "INFORMATION": null, "svcdatefromTXT": null, "svcdatetoTXT": null, "PLACEMENT": null, "BrickSize": "Full", "Coordinate": "AK,8", "Shape_Length": 1.8431801153459721, "Shape_Area": 0.17702428466186665}}, {"type": "Feature", "id": 424, "geometry": {"type": "Polygon", "coordinates": [[[-83.86808141061596, 34.23442863980032], [-83.86808005544698, 34.23442999338201], [-83.86808065802231, 34.23443057727154], [-83.86808201427998, 34.2344292227909], [-83.86808141061596, 34.23442863980032]]]}, "properties": {"OBJECTID": 424, "FNAME": null, "MNAME": null, "LNAME": null, "STATUS": null, "DEPARTMENT": null, "X": "9", "Y": "AK", "CONCAT": null, "INFORMATION": null, "svcdatefromTXT": null, "svcdatetoTXT": null, "PLACEMENT": null, "BrickSize": "Full", "Coordinate": "AK,9", "Shape_Length": 1.8413379128867025, "Shape_Area": 0.1768116965603721}}, {"type": "Feature", "id": 425, "geometry": {"type": "Polygon", "coordinates": [[[-83.86807994542181, 34.234430103107165], [-83.8680785869899, 34.23443145848408], [-83.86807919065075, 34.23443204237624], [-83.86808054800032, 34.23443068609513], [-83.86807994542181, 34.234430103107165]]]}, "properties": {"OBJECTID": 425, "FNAME": null, "MNAME": null, "LNAME": null, "STATUS": null, "DEPARTMENT": null, "X": "10", "Y": "AK", "CONCAT": null, "INFORMATION": null, "svcdatefromTXT": null, "svcdatetoTXT": null, "PLACEMENT": null, "BrickSize": "Full", "Coordinate": "AK,10", "Shape_Length": 1.8431854409808355, "Shape_Area": 0.17707067682544855}}]}